{
  "type": "FeatureCollection",
  "features": [
    {
      "type": "Feature",
      "properties": {
        "fid": 1,
        "paddock_id": "2A",
        "true_area_ha": 3.505,
        "feature_type": "paddock",
        "planting_history": [
          {
            "block": "2A",
            "crop": "Banana",
            "planted": "Sep-21",
            "start_picking": "Jun-22",
            "plough_out": "",
            "notes": "",
            "planted_sort": "2021-09-01"
          }
        ],
        "current_crop": "Banana",
        "current_planted": "Sep-21",
        "current_status": "active",
        "start_picking": "Jun-22",
        "fert_applications": [
          {
            "date": "2026-01-27",
            "product": "NPKS Ozcal #",
            "activity": "BANDED",
            "N": 9.9,
            "P": 1.98,
            "K": 29.7,
            "S": 9.9
          },
          {
            "date": "2026-02-27",
            "product": "NPKS Ozcal #",
            "activity": "BANDED",
            "N": 9.9,
            "P": 1.98,
            "K": 29.7,
            "S": 9.9
          },
          {
            "date": "2026-03-19",
            "product": "NPKS Ozcal #",
            "activity": "BANDED",
            "N": 9.9,
            "P": 1.98,
            "K": 29.7,
            "S": 9.9
          },
          {
            "date": "2026-04-15",
            "product": "CB 11299",
            "activity": "BANDED",
            "N": 14.04,
            "P": 3.51,
            "K": 42.12,
            "S": 14.04
          },
          {
            "date": "2026-06-24",
            "product": "Black Darvo Red",
            "activity": "BANDED",
            "N": 13.75,
            "P": 2.93,
            "K": 38.33,
            "S": 5.86
          },
          {
            "date": "2026-06-24",
            "product": "CB 11299",
            "activity": "BANDED",
            "N": 14.04,
            "P": 3.51,
            "K": 42.12,
            "S": 14.04
          },
          {
            "date": "2026-08-06",
            "product": "CK 7",
            "activity": "BANDED",
            "N": 5.96,
            "P": 1.0,
            "K": 10.02,
            "S": 6.11
          }
        ],
        "fert_count": 7,
        "fert_last_date": "2026-08-06",
        "fert_totals_kg_ha": {
          "N": 77.5,
          "P": 16.9,
          "K": 221.7,
          "S": 69.8
        },
        "production": {
          "bagging_banana": {
            "area_ha": 3.6,
            "metric": "bags",
            "series": [
              {
                "date": "2026-01-05",
                "value": 133
              },
              {
                "date": "2026-01-12",
                "value": 113
              },
              {
                "date": "2026-01-19",
                "value": 124
              },
              {
                "date": "2026-01-26",
                "value": 87
              },
              {
                "date": "2026-02-02",
                "value": 108
              },
              {
                "date": "2026-02-09",
                "value": 130
              },
              {
                "date": "2026-02-16",
                "value": 152
              },
              {
                "date": "2026-02-23",
                "value": 192
              },
              {
                "date": "2026-03-09",
                "value": 201
              },
              {
                "date": "2026-03-23",
                "value": 211
              },
              {
                "date": "2026-03-30",
                "value": 228
              },
              {
                "date": "2026-04-06",
                "value": 165
              },
              {
                "date": "2026-04-13",
                "value": 121
              },
              {
                "date": "2026-04-20",
                "value": 95
              },
              {
                "date": "2026-04-27",
                "value": 41
              },
              {
                "date": "2026-05-04",
                "value": 95
              },
              {
                "date": "2026-05-11",
                "value": 34
              },
              {
                "date": "2026-05-18",
                "value": 112
              },
              {
                "date": "2026-05-25",
                "value": 87
              },
              {
                "date": "2026-06-01",
                "value": 63
              },
              {
                "date": "2026-06-08",
                "value": 37
              },
              {
                "date": "2026-06-15",
                "value": 95
              },
              {
                "date": "2026-06-22",
                "value": 69
              },
              {
                "date": "2026-06-29",
                "value": 56
              },
              {
                "date": "2026-07-06",
                "value": 97
              },
              {
                "date": "2026-07-13",
                "value": 92
              },
              {
                "date": "2026-07-20",
                "value": 76
              }
            ]
          },
          "picking_banana": {
            "area_ha": 3.6,
            "metric": "bunches",
            "series": [
              {
                "date": "2026-01-05",
                "value": 89
              },
              {
                "date": "2026-01-12",
                "value": 23
              },
              {
                "date": "2026-01-19",
                "value": 79
              },
              {
                "date": "2026-01-26",
                "value": 38
              },
              {
                "date": "2026-02-02",
                "value": 85
              },
              {
                "date": "2026-02-09",
                "value": 70
              },
              {
                "date": "2026-02-16",
                "value": 140
              },
              {
                "date": "2026-02-23",
                "value": 89
              },
              {
                "date": "2026-03-02",
                "value": 70
              },
              {
                "date": "2026-03-09",
                "value": 59
              },
              {
                "date": "2026-03-16",
                "value": 127
              },
              {
                "date": "2026-03-23",
                "value": 43
              },
              {
                "date": "2026-03-30",
                "value": 191
              },
              {
                "date": "2026-04-06",
                "value": 100
              },
              {
                "date": "2026-04-13",
                "value": 58
              },
              {
                "date": "2026-04-20",
                "value": 135
              },
              {
                "date": "2026-04-27",
                "value": 88
              },
              {
                "date": "2026-05-04",
                "value": 88
              },
              {
                "date": "2026-05-11",
                "value": 79
              },
              {
                "date": "2026-05-18",
                "value": 79
              },
              {
                "date": "2026-05-25",
                "value": 102
              },
              {
                "date": "2026-06-01",
                "value": 63
              },
              {
                "date": "2026-06-08",
                "value": 196
              },
              {
                "date": "2026-06-15",
                "value": 11
              },
              {
                "date": "2026-06-29",
                "value": 143
              },
              {
                "date": "2026-07-13",
                "value": 137
              },
              {
                "date": "2026-07-20",
                "value": 28
              },
              {
                "date": "2026-07-27",
                "value": 98
              }
            ]
          }
        },
        "production_summary": {
          "bagging_banana": {
            "metric": "bags",
            "latest": {
              "date": "2026-07-20",
              "value": 76
            },
            "total_ytd": 3014,
            "n_weeks": 27,
            "estimated": false,
            "estimate_note": null
          },
          "picking_banana": {
            "metric": "bunches",
            "latest": {
              "date": "2026-07-27",
              "value": 98
            },
            "total_ytd": 2508,
            "n_weeks": 28,
            "estimated": false,
            "estimate_note": null
          }
        },
        "fert_from_previous_crop_count": 0,
        "fert_total_all_kg_ha": 385.9,
        "spray_count": 0,
        "spray_last_date": null,
        "spray_applications": []
      },
      "geometry": {
        "type": "Polygon",
        "coordinates": [
          [
            [
              145.93832515250602,
              -17.601094187158555
            ],
            [
              145.93805604000048,
              -17.601086036030885
            ],
            [
              145.93727252403488,
              -17.601172335874526
            ],
            [
              145.937008687936,
              -17.60377233289168
            ],
            [
              145.93734701442645,
              -17.603975293768727
            ],
            [
              145.9377017226315,
              -17.603992287279848
            ],
            [
              145.937972714544,
              -17.603978658982665
            ],
            [
              145.93805488893645,
              -17.603974072283442
            ],
            [
              145.93832515250602,
              -17.601094187158555
            ]
          ]
        ]
      }
    },
    {
      "type": "Feature",
      "properties": {
        "fid": 2,
        "paddock_id": "1D",
        "true_area_ha": 3.345,
        "feature_type": "paddock",
        "planting_history": [
          {
            "block": "1D",
            "crop": "Papaya",
            "planted": "Sep-15",
            "start_picking": "May-16",
            "plough_out": "Jun-17",
            "notes": "",
            "planted_sort": "2015-09-01"
          },
          {
            "block": "1D",
            "crop": "Banana",
            "planted": "Oct-17",
            "start_picking": "Jul-18",
            "plough_out": "Jan-24",
            "notes": "Block split into two",
            "planted_sort": "2017-10-01"
          },
          {
            "block": "1D",
            "crop": "Papaya",
            "planted": "Jul-24",
            "start_picking": "Mar-25",
            "plough_out": "",
            "notes": "",
            "planted_sort": "2024-07-01"
          },
          {
            "block": "1D",
            "crop": "Fallow",
            "planted": "Jun-26",
            "start_picking": "",
            "plough_out": "",
            "notes": "Confirmed by William 4/8/26: fallow. Previous papaya planting (Jul-24) plough-out date not recorded - update when known.",
            "planted_sort": "2026-06-01"
          }
        ],
        "current_crop": "Fallow",
        "current_planted": "Jun-26",
        "current_status": "active",
        "start_picking": "",
        "fert_applications": [],
        "fert_count": 0,
        "production": {},
        "production_summary": {},
        "fert_from_previous_crop_count": 3,
        "fert_last_date": null,
        "fert_totals_kg_ha": null,
        "fert_total_all_kg_ha": 0,
        "spray_count": 0,
        "spray_last_date": null,
        "spray_applications": []
      },
      "geometry": {
        "type": "Polygon",
        "coordinates": [
          [
            [
              145.9370361300035,
              -17.602816225410013
            ],
            [
              145.93625376434687,
              -17.60270473893714
            ],
            [
              145.9359308441961,
              -17.605317824444075
            ],
            [
              145.93608370617486,
              -17.605479560193825
            ],
            [
              145.9362174031227,
              -17.6065262101014
            ],
            [
              145.93667889806042,
              -17.606515285955574
            ],
            [
              145.93667889806042,
              -17.606515285955574
            ],
            [
              145.9370361300035,
              -17.602816225410013
            ]
          ]
        ]
      }
    },
    {
      "type": "Feature",
      "properties": {
        "fid": 3,
        "paddock_id": "2B",
        "true_area_ha": 3.188,
        "feature_type": "paddock",
        "planting_history": [
          {
            "block": "2B",
            "crop": "Papaya",
            "planted": "Jul-24",
            "start_picking": "Mar-25",
            "plough_out": "",
            "notes": "",
            "planted_sort": "2024-07-01"
          },
          {
            "block": "2B",
            "crop": "Banana",
            "planted": "Jul-26",
            "start_picking": "",
            "plough_out": "",
            "notes": "Confirmed by William 4/8/26: planted banana July 2026.",
            "planted_sort": "2026-07-01"
          }
        ],
        "current_crop": "Banana",
        "current_planted": "Jul-26",
        "current_status": "active",
        "start_picking": "",
        "fert_applications": [],
        "fert_count": 0,
        "production": {},
        "production_summary": {},
        "fert_from_previous_crop_count": 2,
        "fert_last_date": null,
        "fert_totals_kg_ha": null,
        "fert_total_all_kg_ha": 0,
        "spray_count": 0,
        "spray_last_date": null,
        "spray_applications": []
      },
      "geometry": {
        "type": "Polygon",
        "coordinates": [
          [
            [
              145.93673208038183,
              -17.606499648668272
            ],
            [
              145.9378187155238,
              -17.606589304288384
            ],
            [
              145.93803115982374,
              -17.604034286849714
            ],
            [
              145.93770594786298,
              -17.60405432831162
            ],
            [
              145.9373443073007,
              -17.604027240484893
            ],
            [
              145.93700810657828,
              -17.603834348060968
            ],
            [
              145.93673208038183,
              -17.606499648668272
            ]
          ]
        ]
      }
    },
    {
      "type": "Feature",
      "properties": {
        "fid": 4,
        "paddock_id": "20",
        "true_area_ha": 2.625,
        "feature_type": "paddock",
        "planting_history": [
          {
            "block": "20",
            "crop": "Cattle/Pasture",
            "planted": "Jun-26",
            "start_picking": "",
            "plough_out": "",
            "notes": "Confirmed by William 4/8/26: block 20 is cattle country, not a crop block. No prior planting record existed.",
            "planted_sort": "2026-06-01"
          }
        ],
        "current_crop": "Cattle/Pasture",
        "current_planted": "Jun-26",
        "current_status": "active",
        "start_picking": "",
        "fert_applications": [],
        "fert_count": 0,
        "production": {},
        "production_summary": {},
        "fert_last_date": null,
        "fert_totals_kg_ha": null,
        "fert_total_all_kg_ha": 0,
        "fert_from_previous_crop_count": 0,
        "spray_count": 0,
        "spray_last_date": null,
        "spray_applications": []
      },
      "geometry": {
        "type": "Polygon",
        "coordinates": [
          [
            [
              145.93175293818058,
              -17.605488779106086
            ],
            [
              145.93193203439182,
              -17.605056303296145
            ],
            [
              145.93253376759927,
              -17.60480897122948
            ],
            [
              145.93274709625587,
              -17.6045595389389
            ],
            [
              145.93316933700063,
              -17.60481240514032
            ],
            [
              145.93343078574162,
              -17.604786726838377
            ],
            [
              145.93357709733166,
              -17.605126145451994
            ],
            [
              145.9332784693902,
              -17.60546993397024
            ],
            [
              145.93377755927645,
              -17.60586543803685
            ],
            [
              145.9337201892412,
              -17.606014124889658
            ],
            [
              145.93393001999158,
              -17.606360658770317
            ],
            [
              145.9338010762829,
              -17.606671500987115
            ],
            [
              145.93277424876644,
              -17.605948062543217
            ],
            [
              145.93256881612618,
              -17.606055313473266
            ],
            [
              145.9324485244966,
              -17.60609529871655
            ],
            [
              145.9319493972781,
              -17.605706563775033
            ],
            [
              145.9319645962681,
              -17.605523786616555
            ],
            [
              145.93175992043055,
              -17.60550236200681
            ],
            [
              145.93175992043055,
              -17.60550236200681
            ],
            [
              145.93175293818058,
              -17.605488779106086
            ]
          ]
        ]
      }
    },
    {
      "type": "Feature",
      "properties": {
        "fid": 5,
        "paddock_id": "1E",
        "true_area_ha": 1.168,
        "feature_type": "paddock",
        "planting_history": [
          {
            "block": "1E",
            "crop": "Passionfruit",
            "planted": "Mar-25",
            "start_picking": "Aug-25",
            "plough_out": "",
            "notes": "",
            "planted_sort": "2025-03-01"
          },
          {
            "block": "1E",
            "crop": "Passionfruit",
            "planted": "Dec-25",
            "start_picking": "",
            "plough_out": "",
            "notes": "",
            "planted_sort": "2025-12-01"
          }
        ],
        "current_crop": "Passionfruit",
        "current_planted": "Dec-25",
        "current_status": "active",
        "start_picking": "",
        "fert_applications": [
          {
            "date": "2026-01-22",
            "product": "UREA",
            "activity": "HAND",
            "N": 34.5,
            "P": 0,
            "K": 0,
            "S": 0
          },
          {
            "date": "2026-01-22",
            "product": "Katek Organic Super Growth",
            "activity": "HAND",
            "N": 2.62,
            "P": 1.39,
            "K": 3,
            "S": 0
          },
          {
            "date": "2026-01-29",
            "product": "SoluMOP",
            "activity": "HAND",
            "N": 0,
            "P": 0,
            "K": 37.5,
            "S": 0
          },
          {
            "date": "2026-01-29",
            "product": "Katek Organic Super Growth",
            "activity": "HAND",
            "N": 2.62,
            "P": 1.39,
            "K": 3,
            "S": 0
          },
          {
            "date": "2026-02-05",
            "product": "Katek Organic Super Growth",
            "activity": "HAND",
            "N": 2.62,
            "P": 1.39,
            "K": 3,
            "S": 0
          },
          {
            "date": "2026-02-05",
            "product": "UREA",
            "activity": "HAND",
            "N": 34.5,
            "P": 0,
            "K": 0,
            "S": 0
          },
          {
            "date": "2026-02-09",
            "product": "DAP",
            "activity": "HAND",
            "N": 13.5,
            "P": 15,
            "K": 0,
            "S": 1.2
          },
          {
            "date": "2026-02-17",
            "product": "DAP",
            "activity": "HAND",
            "N": 13.5,
            "P": 15,
            "K": 0,
            "S": 1.2
          },
          {
            "date": "2026-03-06",
            "product": "5-17-4",
            "activity": "BANDED",
            "N": 0.2,
            "P": 0.68,
            "K": 0.16,
            "S": 0
          },
          {
            "date": "2026-03-20",
            "product": "Banana Gold",
            "activity": "BANDED",
            "N": 0,
            "P": 0,
            "K": 0,
            "S": 0
          },
          {
            "date": "2026-04-03",
            "product": "Seasol Commercial",
            "activity": "BANDED",
            "N": 0.0,
            "P": 0.0,
            "K": 0.06,
            "S": 0
          },
          {
            "date": "2026-04-17",
            "product": "5-17-4",
            "activity": "BANDED",
            "N": 0.2,
            "P": 0.68,
            "K": 0.16,
            "S": 0
          },
          {
            "date": "2026-05-01",
            "product": "Banana Gold",
            "activity": "BANDED",
            "N": 0,
            "P": 0,
            "K": 0,
            "S": 0
          },
          {
            "date": "2026-05-12",
            "product": "Banana Gold",
            "activity": "BANDED",
            "N": 0,
            "P": 0,
            "K": 0,
            "S": 0
          },
          {
            "date": "2026-05-15",
            "product": "Seasol Commercial",
            "activity": "BANDED",
            "N": 0.0,
            "P": 0.0,
            "K": 0.06,
            "S": 0
          },
          {
            "date": "2026-05-29",
            "product": "5-17-4",
            "activity": "BANDED",
            "N": 0.2,
            "P": 0.68,
            "K": 0.16,
            "S": 0
          }
        ],
        "fert_count": 16,
        "production": {},
        "production_summary": {},
        "fert_from_previous_crop_count": 0,
        "fert_last_date": "2026-05-29",
        "fert_totals_kg_ha": {
          "N": 104.5,
          "P": 36.2,
          "K": 47.1,
          "S": 2.4
        },
        "fert_total_all_kg_ha": 190.2,
        "spray_count": 0,
        "spray_last_date": null,
        "spray_applications": []
      },
      "geometry": {
        "type": "Polygon",
        "coordinates": [
          [
            [
              145.93631117541358,
              -17.602643141071553
            ],
            [
              145.93704997920966,
              -17.602766265860225
            ],
            [
              145.93712252748165,
              -17.601995031925913
            ],
            [
              145.9371749312454,
              -17.60138042570635
            ],
            [
              145.93643251070836,
              -17.601370756319582
            ],
            [
              145.93631117541358,
              -17.602643141071553
            ]
          ]
        ]
      }
    },
    {
      "type": "Feature",
      "properties": {
        "fid": 6,
        "paddock_id": "15",
        "true_area_ha": 1.019,
        "feature_type": "paddock",
        "planting_history": [
          {
            "block": "15",
            "crop": "Passionfruit",
            "planted": "Dec-21",
            "start_picking": "Sep-22",
            "plough_out": "Dec-22",
            "notes": "",
            "planted_sort": "2021-12-01"
          },
          {
            "block": "15",
            "crop": "Passionfruit",
            "planted": "Dec-22",
            "start_picking": "Jul-23",
            "plough_out": "Dec-23",
            "notes": "",
            "planted_sort": "2022-12-01"
          },
          {
            "block": "15",
            "crop": "Passionfruit",
            "planted": "Dec-23",
            "start_picking": "Jul-24",
            "plough_out": "Dec-24",
            "notes": "",
            "planted_sort": "2023-12-01"
          },
          {
            "block": "15",
            "crop": "Passionfruit",
            "planted": "Jan-25",
            "start_picking": "Aug-25",
            "plough_out": "Dec-25",
            "notes": "",
            "planted_sort": "2025-01-01"
          },
          {
            "block": "15",
            "crop": "Passionfruit",
            "planted": "Dec-25",
            "start_picking": "",
            "plough_out": "",
            "notes": "",
            "planted_sort": "2025-12-01"
          }
        ],
        "current_crop": "Passionfruit",
        "current_planted": "Dec-25",
        "current_status": "active",
        "start_picking": "",
        "fert_applications": [
          {
            "date": "2026-01-22",
            "product": "Katek Organic Super Growth",
            "activity": "HAND",
            "N": 2.62,
            "P": 1.39,
            "K": 3,
            "S": 0
          },
          {
            "date": "2026-01-22",
            "product": "UREA",
            "activity": "HAND",
            "N": 34.5,
            "P": 0,
            "K": 0,
            "S": 0
          },
          {
            "date": "2026-01-29",
            "product": "Katek Organic Super Growth",
            "activity": "HAND",
            "N": 2.62,
            "P": 1.39,
            "K": 3,
            "S": 0
          },
          {
            "date": "2026-01-29",
            "product": "SoluMOP",
            "activity": "HAND",
            "N": 0,
            "P": 0,
            "K": 37.5,
            "S": 0
          },
          {
            "date": "2026-02-05",
            "product": "Katek Organic Super Growth",
            "activity": "HAND",
            "N": 2.62,
            "P": 1.39,
            "K": 3,
            "S": 0
          },
          {
            "date": "2026-02-05",
            "product": "UREA",
            "activity": "HAND",
            "N": 34.5,
            "P": 0,
            "K": 0,
            "S": 0
          },
          {
            "date": "2026-02-09",
            "product": "DAP",
            "activity": "HAND",
            "N": 13.5,
            "P": 15,
            "K": 0,
            "S": 1.2
          },
          {
            "date": "2026-02-17",
            "product": "DAP",
            "activity": "HAND",
            "N": 13.5,
            "P": 15,
            "K": 0,
            "S": 1.2
          },
          {
            "date": "2026-03-20",
            "product": "Banana Gold",
            "activity": "BANDED",
            "N": 0,
            "P": 0,
            "K": 0,
            "S": 0
          },
          {
            "date": "2026-04-03",
            "product": "Seasol Commercial",
            "activity": "BANDED",
            "N": 0.0,
            "P": 0.0,
            "K": 0.06,
            "S": 0
          },
          {
            "date": "2026-04-17",
            "product": "5-17-4",
            "activity": "BANDED",
            "N": 0.2,
            "P": 0.68,
            "K": 0.16,
            "S": 0
          },
          {
            "date": "2026-05-01",
            "product": "Banana Gold",
            "activity": "BANDED",
            "N": 0,
            "P": 0,
            "K": 0,
            "S": 0
          },
          {
            "date": "2026-05-12",
            "product": "Banana Gold",
            "activity": "BANDED",
            "N": 0,
            "P": 0,
            "K": 0,
            "S": 0
          },
          {
            "date": "2026-05-15",
            "product": "Seasol Commercial",
            "activity": "BANDED",
            "N": 0.0,
            "P": 0.0,
            "K": 0.06,
            "S": 0
          },
          {
            "date": "2026-05-29",
            "product": "5-17-4",
            "activity": "BANDED",
            "N": 0.2,
            "P": 0.68,
            "K": 0.16,
            "S": 0
          }
        ],
        "fert_count": 15,
        "production": {},
        "production_summary": {},
        "fert_from_previous_crop_count": 1,
        "fert_last_date": "2026-05-29",
        "fert_totals_kg_ha": {
          "N": 104.3,
          "P": 35.5,
          "K": 46.9,
          "S": 2.4
        },
        "fert_total_all_kg_ha": 189.1,
        "spray_count": 0,
        "spray_last_date": null,
        "spray_applications": []
      },
      "geometry": {
        "type": "Polygon",
        "coordinates": [
          [
            [
              145.93760908590656,
              -17.60099127505822
            ],
            [
              145.9376018540914,
              -17.600710387535397
            ],
            [
              145.9375249302075,
              -17.600712810698372
            ],
            [
              145.93749831674558,
              -17.600711249138424
            ],
            [
              145.9374865791567,
              -17.600189204710755
            ],
            [
              145.93757088114228,
              -17.600189658084737
            ],
            [
              145.93756400042568,
              -17.60010167857581
            ],
            [
              145.9376350164175,
              -17.600097805188295
            ],
            [
              145.93763742419532,
              -17.59993895424908
            ],
            [
              145.93835037562224,
              -17.599928602479515
            ],
            [
              145.93839594947792,
              -17.600988412932903
            ],
            [
              145.93839594947792,
              -17.600988412932903
            ],
            [
              145.93760908590656,
              -17.60099127505822
            ]
          ]
        ]
      }
    },
    {
      "type": "Feature",
      "properties": {
        "fid": 7,
        "paddock_id": "3A",
        "true_area_ha": 3.666,
        "feature_type": "paddock",
        "planting_history": [
          {
            "block": "3A",
            "crop": "Banana",
            "planted": "Oct-20",
            "start_picking": "Jun-21",
            "plough_out": "",
            "notes": "",
            "planted_sort": "2020-10-01"
          }
        ],
        "current_crop": "Banana",
        "current_planted": "Oct-20",
        "current_status": "active",
        "start_picking": "Jun-21",
        "fert_applications": [
          {
            "date": "2026-01-27",
            "product": "NPKS Ozcal #",
            "activity": "BANDED",
            "N": 9.9,
            "P": 1.98,
            "K": 29.7,
            "S": 9.9
          },
          {
            "date": "2026-02-27",
            "product": "NPKS Ozcal #",
            "activity": "BANDED",
            "N": 9.9,
            "P": 1.98,
            "K": 29.7,
            "S": 9.9
          },
          {
            "date": "2026-03-19",
            "product": "NPKS Ozcal #",
            "activity": "BANDED",
            "N": 9.9,
            "P": 1.98,
            "K": 29.7,
            "S": 9.9
          },
          {
            "date": "2026-04-15",
            "product": "CB 11299",
            "activity": "BANDED",
            "N": 14.04,
            "P": 3.51,
            "K": 42.12,
            "S": 14.04
          },
          {
            "date": "2026-06-24",
            "product": "Black Darvo Red",
            "activity": "BANDED",
            "N": 13.75,
            "P": 2.93,
            "K": 38.33,
            "S": 5.86
          },
          {
            "date": "2026-06-24",
            "product": "CB 11299",
            "activity": "BANDED",
            "N": 14.04,
            "P": 3.51,
            "K": 42.12,
            "S": 14.04
          },
          {
            "date": "2026-08-06",
            "product": "CK 7",
            "activity": "BANDED",
            "N": 5.96,
            "P": 1.0,
            "K": 10.02,
            "S": 6.11
          }
        ],
        "fert_count": 7,
        "fert_last_date": "2026-08-06",
        "fert_totals_kg_ha": {
          "N": 77.5,
          "P": 16.9,
          "K": 221.7,
          "S": 69.8
        },
        "production": {
          "bagging_banana": {
            "area_ha": 4.1,
            "metric": "bags",
            "series": [
              {
                "date": "2026-01-05",
                "value": 93
              },
              {
                "date": "2026-01-12",
                "value": 102
              },
              {
                "date": "2026-01-19",
                "value": 119
              },
              {
                "date": "2026-01-26",
                "value": 83
              },
              {
                "date": "2026-02-02",
                "value": 91
              },
              {
                "date": "2026-02-09",
                "value": 99
              },
              {
                "date": "2026-02-16",
                "value": 134
              },
              {
                "date": "2026-02-23",
                "value": 191
              },
              {
                "date": "2026-03-09",
                "value": 215
              },
              {
                "date": "2026-03-23",
                "value": 240
              },
              {
                "date": "2026-03-30",
                "value": 137
              },
              {
                "date": "2026-04-06",
                "value": 251
              },
              {
                "date": "2026-04-13",
                "value": 154
              },
              {
                "date": "2026-04-20",
                "value": 121
              },
              {
                "date": "2026-04-27",
                "value": 88
              },
              {
                "date": "2026-05-04",
                "value": 78
              },
              {
                "date": "2026-05-11",
                "value": 119
              },
              {
                "date": "2026-05-18",
                "value": 67
              },
              {
                "date": "2026-05-25",
                "value": 51
              },
              {
                "date": "2026-06-01",
                "value": 38
              },
              {
                "date": "2026-06-08",
                "value": 61
              },
              {
                "date": "2026-06-15",
                "value": 42
              },
              {
                "date": "2026-06-22",
                "value": 52
              },
              {
                "date": "2026-06-29",
                "value": 62
              },
              {
                "date": "2026-07-06",
                "value": 102
              },
              {
                "date": "2026-07-13",
                "value": 81
              },
              {
                "date": "2026-07-20",
                "value": 48
              }
            ]
          },
          "picking_banana": {
            "area_ha": 4.1,
            "metric": "bunches",
            "series": [
              {
                "date": "2026-01-05",
                "value": 72
              },
              {
                "date": "2026-01-12",
                "value": 47
              },
              {
                "date": "2026-01-19",
                "value": 41
              },
              {
                "date": "2026-01-26",
                "value": 72
              },
              {
                "date": "2026-02-02",
                "value": 88
              },
              {
                "date": "2026-02-09",
                "value": 101
              },
              {
                "date": "2026-02-16",
                "value": 55
              },
              {
                "date": "2026-02-23",
                "value": 86
              },
              {
                "date": "2026-03-02",
                "value": 46
              },
              {
                "date": "2026-03-09",
                "value": 27
              },
              {
                "date": "2026-03-16",
                "value": 56
              },
              {
                "date": "2026-03-23",
                "value": 42
              },
              {
                "date": "2026-03-30",
                "value": 77
              },
              {
                "date": "2026-04-06",
                "value": 102
              },
              {
                "date": "2026-04-13",
                "value": 95
              },
              {
                "date": "2026-04-20",
                "value": 76
              },
              {
                "date": "2026-04-27",
                "value": 59
              },
              {
                "date": "2026-05-04",
                "value": 59
              },
              {
                "date": "2026-05-11",
                "value": 61
              },
              {
                "date": "2026-05-18",
                "value": 120
              },
              {
                "date": "2026-05-25",
                "value": 66
              },
              {
                "date": "2026-06-01",
                "value": 56
              },
              {
                "date": "2026-06-08",
                "value": 155
              },
              {
                "date": "2026-06-15",
                "value": 61
              },
              {
                "date": "2026-06-22",
                "value": 89
              },
              {
                "date": "2026-06-29",
                "value": 73
              },
              {
                "date": "2026-07-06",
                "value": 133
              },
              {
                "date": "2026-07-13",
                "value": 20
              },
              {
                "date": "2026-07-20",
                "value": 41
              },
              {
                "date": "2026-07-27",
                "value": 9
              }
            ]
          }
        },
        "production_summary": {
          "bagging_banana": {
            "metric": "bags",
            "latest": {
              "date": "2026-07-20",
              "value": 48
            },
            "total_ytd": 2919,
            "n_weeks": 27,
            "estimated": false,
            "estimate_note": null
          },
          "picking_banana": {
            "metric": "bunches",
            "latest": {
              "date": "2026-07-27",
              "value": 9
            },
            "total_ytd": 2085,
            "n_weeks": 30,
            "estimated": false,
            "estimate_note": null
          }
        },
        "fert_from_previous_crop_count": 0,
        "fert_total_all_kg_ha": 385.9,
        "spray_count": 0,
        "spray_last_date": null,
        "spray_applications": []
      },
      "geometry": {
        "type": "Polygon",
        "coordinates": [
          [
            [
              145.93853335032884,
              -17.60126716308745
            ],
            [
              145.93883367286276,
              -17.60150707241889
            ],
            [
              145.93893401248954,
              -17.60154732736914
            ],
            [
              145.93912930595073,
              -17.60153702881358
            ],
            [
              145.93930086925315,
              -17.60153795007332
            ],
            [
              145.93944800694794,
              -17.601669235432123
            ],
            [
              145.939552408349,
              -17.60202723976272
            ],
            [
              145.93969934794487,
              -17.602192566165375
            ],
            [
              145.93947789214056,
              -17.604404124743414
            ],
            [
              145.93929555408346,
              -17.60422158691352
            ],
            [
              145.93824498200408,
              -17.60379041427163
            ],
            [
              145.93853335032884,
              -17.60126716308745
            ]
          ]
        ]
      }
    },
    {
      "type": "Feature",
      "properties": {
        "fid": 8,
        "paddock_id": "3C",
        "true_area_ha": 2.142,
        "feature_type": "paddock",
        "planting_history": [
          {
            "block": "3C",
            "crop": "Papaya",
            "planted": "Oct-21",
            "start_picking": "Apr-22",
            "plough_out": "Dec-22",
            "notes": "",
            "planted_sort": "2021-10-01"
          },
          {
            "block": "3C",
            "crop": "Pumpkin",
            "planted": "Jan-23",
            "start_picking": "Apr-23",
            "plough_out": "May-23",
            "notes": "",
            "planted_sort": "2023-01-01"
          },
          {
            "block": "3C",
            "crop": "Banana",
            "planted": "Sep-24",
            "start_picking": "Aug-25",
            "plough_out": "",
            "notes": "",
            "planted_sort": "2024-09-01"
          }
        ],
        "current_crop": "Banana",
        "current_planted": "Sep-24",
        "current_status": "active",
        "start_picking": "Aug-25",
        "fert_applications": [
          {
            "date": "2026-01-27",
            "product": "NPKS Ozcal #",
            "activity": "BANDED",
            "N": 9.9,
            "P": 1.98,
            "K": 29.7,
            "S": 9.9
          },
          {
            "date": "2026-02-27",
            "product": "NPKS Ozcal #",
            "activity": "BANDED",
            "N": 9.9,
            "P": 1.98,
            "K": 29.7,
            "S": 9.9
          },
          {
            "date": "2026-03-19",
            "product": "NPKS Ozcal #",
            "activity": "BANDED",
            "N": 9.9,
            "P": 1.98,
            "K": 29.7,
            "S": 9.9
          },
          {
            "date": "2026-04-15",
            "product": "CB 11299",
            "activity": "BANDED",
            "N": 14.04,
            "P": 3.51,
            "K": 42.12,
            "S": 14.04
          },
          {
            "date": "2026-06-24",
            "product": "CB 11299",
            "activity": "BANDED",
            "N": 14.04,
            "P": 3.51,
            "K": 42.12,
            "S": 14.04
          },
          {
            "date": "2026-06-24",
            "product": "Black Darvo Red",
            "activity": "BANDED",
            "N": 13.75,
            "P": 2.93,
            "K": 38.33,
            "S": 5.86
          },
          {
            "date": "2026-08-06",
            "product": "CK 7",
            "activity": "BANDED",
            "N": 5.96,
            "P": 1.0,
            "K": 10.02,
            "S": 6.11
          }
        ],
        "fert_count": 7,
        "fert_last_date": "2026-08-06",
        "fert_totals_kg_ha": {
          "N": 77.5,
          "P": 16.9,
          "K": 221.7,
          "S": 69.8
        },
        "production": {
          "bagging_banana": {
            "area_ha": 2,
            "metric": "bags",
            "series": [
              {
                "date": "2026-01-05",
                "value": 15
              },
              {
                "date": "2026-01-12",
                "value": 73
              },
              {
                "date": "2026-01-19",
                "value": 26
              },
              {
                "date": "2026-01-26",
                "value": 18
              },
              {
                "date": "2026-02-02",
                "value": 58
              },
              {
                "date": "2026-02-09",
                "value": 86
              },
              {
                "date": "2026-02-16",
                "value": 140
              },
              {
                "date": "2026-02-23",
                "value": 100
              },
              {
                "date": "2026-03-09",
                "value": 204
              },
              {
                "date": "2026-03-23",
                "value": 152
              },
              {
                "date": "2026-03-30",
                "value": 71
              },
              {
                "date": "2026-04-06",
                "value": 146
              },
              {
                "date": "2026-04-13",
                "value": 87
              },
              {
                "date": "2026-04-20",
                "value": 70
              },
              {
                "date": "2026-04-27",
                "value": 43
              },
              {
                "date": "2026-05-04",
                "value": 34
              },
              {
                "date": "2026-05-11",
                "value": 31
              },
              {
                "date": "2026-05-18",
                "value": 21
              },
              {
                "date": "2026-05-25",
                "value": 18
              },
              {
                "date": "2026-06-01",
                "value": 7
              },
              {
                "date": "2026-06-08",
                "value": 12
              },
              {
                "date": "2026-06-15",
                "value": 7
              },
              {
                "date": "2026-06-22",
                "value": 13
              },
              {
                "date": "2026-06-29",
                "value": 17
              },
              {
                "date": "2026-07-06",
                "value": 53
              },
              {
                "date": "2026-07-13",
                "value": 6
              },
              {
                "date": "2026-07-20",
                "value": 18
              }
            ]
          },
          "picking_banana": {
            "area_ha": 2,
            "metric": "bunches",
            "series": [
              {
                "date": "2026-01-19",
                "value": 11
              },
              {
                "date": "2026-01-26",
                "value": 9
              },
              {
                "date": "2026-02-09",
                "value": 15
              },
              {
                "date": "2026-02-16",
                "value": 11
              },
              {
                "date": "2026-02-23",
                "value": 24
              },
              {
                "date": "2026-03-02",
                "value": 15
              },
              {
                "date": "2026-03-09",
                "value": 25
              },
              {
                "date": "2026-03-16",
                "value": 52
              },
              {
                "date": "2026-03-23",
                "value": 51
              },
              {
                "date": "2026-03-30",
                "value": 69
              },
              {
                "date": "2026-04-06",
                "value": 85
              },
              {
                "date": "2026-04-13",
                "value": 86
              },
              {
                "date": "2026-04-20",
                "value": 85
              },
              {
                "date": "2026-04-27",
                "value": 61
              },
              {
                "date": "2026-05-04",
                "value": 61
              },
              {
                "date": "2026-05-11",
                "value": 42
              },
              {
                "date": "2026-05-18",
                "value": 79
              },
              {
                "date": "2026-05-25",
                "value": 107
              },
              {
                "date": "2026-06-01",
                "value": 46
              },
              {
                "date": "2026-06-08",
                "value": 99
              },
              {
                "date": "2026-06-15",
                "value": 41
              },
              {
                "date": "2026-06-22",
                "value": 80
              },
              {
                "date": "2026-06-29",
                "value": 80
              },
              {
                "date": "2026-07-06",
                "value": 87
              },
              {
                "date": "2026-07-13",
                "value": 117
              },
              {
                "date": "2026-07-20",
                "value": 73
              },
              {
                "date": "2026-07-27",
                "value": 38
              }
            ]
          }
        },
        "production_summary": {
          "bagging_banana": {
            "metric": "bags",
            "latest": {
              "date": "2026-07-20",
              "value": 18
            },
            "total_ytd": 1526,
            "n_weeks": 27,
            "estimated": false,
            "estimate_note": null
          },
          "picking_banana": {
            "metric": "bunches",
            "latest": {
              "date": "2026-07-27",
              "value": 38
            },
            "total_ytd": 1549,
            "n_weeks": 27,
            "estimated": false,
            "estimate_note": null
          }
        },
        "fert_from_previous_crop_count": 0,
        "fert_total_all_kg_ha": 385.9,
        "spray_count": 0,
        "spray_last_date": null,
        "spray_applications": []
      },
      "geometry": {
        "type": "Polygon",
        "coordinates": [
          [
            [
              145.94034441040876,
              -17.60494777798983
            ],
            [
              145.94016405245083,
              -17.604932626012214
            ],
            [
              145.94006708254608,
              -17.60482146828982
            ],
            [
              145.93974254235036,
              -17.60467504680101
            ],
            [
              145.93963679808488,
              -17.604546820650977
            ],
            [
              145.93980115060478,
              -17.602235665408838
            ],
            [
              145.93999617999233,
              -17.60227075431313
            ],
            [
              145.94051078943886,
              -17.60228769933815
            ],
            [
              145.94051078943886,
              -17.60228769933815
            ],
            [
              145.94034441040876,
              -17.60494777798983
            ]
          ]
        ]
      }
    },
    {
      "type": "Feature",
      "properties": {
        "fid": 9,
        "paddock_id": "4",
        "true_area_ha": 5.697,
        "feature_type": "paddock",
        "planting_history": [
          {
            "block": "4",
            "crop": "Banana",
            "planted": "Jun-11",
            "start_picking": "May-12",
            "plough_out": "Oct-17",
            "notes": "",
            "planted_sort": "2011-06-01"
          },
          {
            "block": "4",
            "crop": "Papaya",
            "planted": "Sep-18",
            "start_picking": "May-19",
            "plough_out": "Aug-19",
            "notes": "",
            "planted_sort": "2018-09-01"
          },
          {
            "block": "4",
            "crop": "Banana",
            "planted": "Aug-20",
            "start_picking": "May-21",
            "plough_out": "",
            "notes": "",
            "planted_sort": "2020-08-01"
          }
        ],
        "current_crop": "Banana",
        "current_planted": "Aug-20",
        "current_status": "active",
        "start_picking": "May-21",
        "fert_applications": [
          {
            "date": "2026-01-27",
            "product": "NPKS Ozcal #",
            "activity": "BANDED",
            "N": 9.9,
            "P": 1.98,
            "K": 29.7,
            "S": 9.9
          },
          {
            "date": "2026-02-27",
            "product": "NPKS Ozcal #",
            "activity": "BANDED",
            "N": 9.9,
            "P": 1.98,
            "K": 29.7,
            "S": 9.9
          },
          {
            "date": "2026-03-19",
            "product": "NPKS Ozcal #",
            "activity": "BANDED",
            "N": 9.9,
            "P": 1.98,
            "K": 29.7,
            "S": 9.9
          },
          {
            "date": "2026-04-15",
            "product": "CB 11299",
            "activity": "BANDED",
            "N": 14.04,
            "P": 3.51,
            "K": 42.12,
            "S": 14.04
          },
          {
            "date": "2026-06-24",
            "product": "CB 11299",
            "activity": "BANDED",
            "N": 14.04,
            "P": 3.51,
            "K": 42.12,
            "S": 14.04
          },
          {
            "date": "2026-06-24",
            "product": "Black Darvo Red",
            "activity": "BANDED",
            "N": 13.75,
            "P": 2.93,
            "K": 38.33,
            "S": 5.86
          },
          {
            "date": "2026-08-06",
            "product": "CK 7",
            "activity": "BANDED",
            "N": 5.96,
            "P": 1.0,
            "K": 10.02,
            "S": 6.11
          }
        ],
        "fert_count": 7,
        "fert_last_date": "2026-08-06",
        "fert_totals_kg_ha": {
          "N": 77.5,
          "P": 16.9,
          "K": 221.7,
          "S": 69.8
        },
        "production": {
          "bagging_banana": {
            "area_ha": 5.5,
            "metric": "bags",
            "series": [
              {
                "date": "2026-01-05",
                "value": 137
              },
              {
                "date": "2026-01-12",
                "value": 177
              },
              {
                "date": "2026-01-19",
                "value": 159
              },
              {
                "date": "2026-01-26",
                "value": 111
              },
              {
                "date": "2026-02-02",
                "value": 130
              },
              {
                "date": "2026-02-09",
                "value": 169
              },
              {
                "date": "2026-02-16",
                "value": 182
              },
              {
                "date": "2026-02-23",
                "value": 199
              },
              {
                "date": "2026-03-09",
                "value": 276
              },
              {
                "date": "2026-03-23",
                "value": 353
              },
              {
                "date": "2026-03-30",
                "value": 120
              },
              {
                "date": "2026-04-06",
                "value": 410
              },
              {
                "date": "2026-04-13",
                "value": 273
              },
              {
                "date": "2026-04-20",
                "value": 167
              },
              {
                "date": "2026-04-27",
                "value": 126
              },
              {
                "date": "2026-05-04",
                "value": 165
              },
              {
                "date": "2026-05-11",
                "value": 121
              },
              {
                "date": "2026-05-18",
                "value": 116
              },
              {
                "date": "2026-05-25",
                "value": 98
              },
              {
                "date": "2026-06-01",
                "value": 81
              },
              {
                "date": "2026-06-08",
                "value": 108
              },
              {
                "date": "2026-06-15",
                "value": 84
              },
              {
                "date": "2026-06-22",
                "value": 80
              },
              {
                "date": "2026-06-29",
                "value": 78
              },
              {
                "date": "2026-07-06",
                "value": 114
              },
              {
                "date": "2026-07-13",
                "value": 92
              },
              {
                "date": "2026-07-20",
                "value": 94
              }
            ]
          },
          "picking_banana": {
            "area_ha": 5.5,
            "metric": "bunches",
            "series": [
              {
                "date": "2026-01-05",
                "value": 79
              },
              {
                "date": "2026-01-12",
                "value": 62
              },
              {
                "date": "2026-01-19",
                "value": 128
              },
              {
                "date": "2026-01-26",
                "value": 119
              },
              {
                "date": "2026-02-02",
                "value": 98
              },
              {
                "date": "2026-02-09",
                "value": 156
              },
              {
                "date": "2026-02-16",
                "value": 73
              },
              {
                "date": "2026-02-23",
                "value": 156
              },
              {
                "date": "2026-03-02",
                "value": 74
              },
              {
                "date": "2026-03-09",
                "value": 150
              },
              {
                "date": "2026-03-16",
                "value": 80
              },
              {
                "date": "2026-03-23",
                "value": 95
              },
              {
                "date": "2026-03-30",
                "value": 245
              },
              {
                "date": "2026-04-06",
                "value": 93
              },
              {
                "date": "2026-04-13",
                "value": 155
              },
              {
                "date": "2026-04-20",
                "value": 103
              },
              {
                "date": "2026-04-27",
                "value": 181
              },
              {
                "date": "2026-05-04",
                "value": 181
              },
              {
                "date": "2026-05-11",
                "value": 66
              },
              {
                "date": "2026-05-18",
                "value": 110
              },
              {
                "date": "2026-05-25",
                "value": 169
              },
              {
                "date": "2026-06-01",
                "value": 159
              },
              {
                "date": "2026-06-08",
                "value": 133
              },
              {
                "date": "2026-06-15",
                "value": 146
              },
              {
                "date": "2026-06-22",
                "value": 178
              },
              {
                "date": "2026-06-29",
                "value": 118
              },
              {
                "date": "2026-07-06",
                "value": 183
              },
              {
                "date": "2026-07-13",
                "value": 65
              },
              {
                "date": "2026-07-20",
                "value": 14
              },
              {
                "date": "2026-07-27",
                "value": 103
              }
            ]
          }
        },
        "production_summary": {
          "bagging_banana": {
            "metric": "bags",
            "latest": {
              "date": "2026-07-20",
              "value": 94
            },
            "total_ytd": 4220,
            "n_weeks": 27,
            "estimated": false,
            "estimate_note": null
          },
          "picking_banana": {
            "metric": "bunches",
            "latest": {
              "date": "2026-07-27",
              "value": 103
            },
            "total_ytd": 3672,
            "n_weeks": 30,
            "estimated": false,
            "estimate_note": null
          }
        },
        "fert_from_previous_crop_count": 0,
        "fert_total_all_kg_ha": 385.9,
        "spray_count": 0,
        "spray_last_date": null,
        "spray_applications": []
      },
      "geometry": {
        "type": "Polygon",
        "coordinates": [
          [
            [
              145.94038083675406,
              -17.604915349571076
            ],
            [
              145.94091925933682,
              -17.604781359045553
            ],
            [
              145.94095444395114,
              -17.60432765068454
            ],
            [
              145.94107868969485,
              -17.60432689838898
            ],
            [
              145.94121034706444,
              -17.60432334888818
            ],
            [
              145.94176625114875,
              -17.604615687404987
            ],
            [
              145.9423881334027,
              -17.604499870267183
            ],
            [
              145.9425122347252,
              -17.603507634538364
            ],
            [
              145.9426212279591,
              -17.60206142038029
            ],
            [
              145.94085680534226,
              -17.60230161151023
            ],
            [
              145.94053591177277,
              -17.6022913801494
            ],
            [
              145.94053591177277,
              -17.6022913801494
            ],
            [
              145.94038083675406,
              -17.604915349571076
            ]
          ]
        ]
      }
    },
    {
      "type": "Feature",
      "properties": {
        "fid": 10,
        "paddock_id": "5",
        "true_area_ha": 4.33,
        "feature_type": "paddock",
        "planting_history": [
          {
            "block": "5",
            "crop": "Banana",
            "planted": "Nov-15",
            "start_picking": "Jun-16",
            "plough_out": "",
            "notes": "",
            "planted_sort": "2015-11-01"
          }
        ],
        "current_crop": "Banana",
        "current_planted": "Nov-15",
        "current_status": "active",
        "start_picking": "Jun-16",
        "fert_applications": [
          {
            "date": "2026-01-27",
            "product": "NPKS Ozcal #",
            "activity": "BANDED",
            "N": 9.9,
            "P": 1.98,
            "K": 29.7,
            "S": 9.9
          },
          {
            "date": "2026-02-27",
            "product": "NPKS Ozcal #",
            "activity": "BANDED",
            "N": 9.9,
            "P": 1.98,
            "K": 29.7,
            "S": 9.9
          },
          {
            "date": "2026-03-19",
            "product": "NPKS Ozcal #",
            "activity": "BANDED",
            "N": 9.9,
            "P": 1.98,
            "K": 29.7,
            "S": 9.9
          },
          {
            "date": "2026-04-15",
            "product": "CB 11299",
            "activity": "BANDED",
            "N": 14.04,
            "P": 3.51,
            "K": 42.12,
            "S": 14.04
          },
          {
            "date": "2026-06-24",
            "product": "Black Darvo Red",
            "activity": "BANDED",
            "N": 13.75,
            "P": 2.93,
            "K": 38.33,
            "S": 5.86
          },
          {
            "date": "2026-06-24",
            "product": "CB 11299",
            "activity": "BANDED",
            "N": 14.04,
            "P": 3.51,
            "K": 42.12,
            "S": 14.04
          },
          {
            "date": "2026-08-06",
            "product": "CK 7",
            "activity": "BANDED",
            "N": 5.96,
            "P": 1.0,
            "K": 10.02,
            "S": 6.11
          }
        ],
        "fert_count": 7,
        "fert_last_date": "2026-08-06",
        "fert_totals_kg_ha": {
          "N": 77.5,
          "P": 16.9,
          "K": 221.7,
          "S": 69.8
        },
        "production": {
          "bagging_banana": {
            "area_ha": 4.3,
            "metric": "bags",
            "series": [
              {
                "date": "2026-01-05",
                "value": 75
              },
              {
                "date": "2026-01-12",
                "value": 164
              },
              {
                "date": "2026-01-19",
                "value": 147
              },
              {
                "date": "2026-01-26",
                "value": 103
              },
              {
                "date": "2026-02-02",
                "value": 110
              },
              {
                "date": "2026-02-09",
                "value": 116
              },
              {
                "date": "2026-02-16",
                "value": 105
              },
              {
                "date": "2026-02-23",
                "value": 179
              },
              {
                "date": "2026-03-09",
                "value": 153
              },
              {
                "date": "2026-03-23",
                "value": 243
              },
              {
                "date": "2026-03-30",
                "value": 30
              },
              {
                "date": "2026-04-06",
                "value": 209
              },
              {
                "date": "2026-04-13",
                "value": 168
              },
              {
                "date": "2026-04-20",
                "value": 125
              },
              {
                "date": "2026-04-27",
                "value": 94
              },
              {
                "date": "2026-05-04",
                "value": 74
              },
              {
                "date": "2026-05-11",
                "value": 122
              },
              {
                "date": "2026-05-18",
                "value": 47
              },
              {
                "date": "2026-05-25",
                "value": 65
              },
              {
                "date": "2026-06-01",
                "value": 92
              },
              {
                "date": "2026-06-08",
                "value": 81
              },
              {
                "date": "2026-06-15",
                "value": 48
              },
              {
                "date": "2026-06-22",
                "value": 45
              },
              {
                "date": "2026-06-29",
                "value": 47
              },
              {
                "date": "2026-07-06",
                "value": 143
              },
              {
                "date": "2026-07-13",
                "value": 63
              },
              {
                "date": "2026-07-20",
                "value": 87
              }
            ]
          },
          "picking_banana": {
            "area_ha": 4.3,
            "metric": "bunches",
            "series": [
              {
                "date": "2026-01-05",
                "value": 68
              },
              {
                "date": "2026-01-12",
                "value": 72
              },
              {
                "date": "2026-01-19",
                "value": 136
              },
              {
                "date": "2026-01-26",
                "value": 144
              },
              {
                "date": "2026-02-02",
                "value": 130
              },
              {
                "date": "2026-02-09",
                "value": 145
              },
              {
                "date": "2026-02-16",
                "value": 99
              },
              {
                "date": "2026-02-23",
                "value": 134
              },
              {
                "date": "2026-03-02",
                "value": 76
              },
              {
                "date": "2026-03-09",
                "value": 81
              },
              {
                "date": "2026-03-16",
                "value": 60
              },
              {
                "date": "2026-03-23",
                "value": 63
              },
              {
                "date": "2026-03-30",
                "value": 135
              },
              {
                "date": "2026-04-06",
                "value": 98
              },
              {
                "date": "2026-04-13",
                "value": 93
              },
              {
                "date": "2026-04-20",
                "value": 77
              },
              {
                "date": "2026-04-27",
                "value": 84
              },
              {
                "date": "2026-05-04",
                "value": 84
              },
              {
                "date": "2026-05-11",
                "value": 46
              },
              {
                "date": "2026-05-18",
                "value": 92
              },
              {
                "date": "2026-05-25",
                "value": 67
              },
              {
                "date": "2026-06-01",
                "value": 103
              },
              {
                "date": "2026-06-08",
                "value": 114
              },
              {
                "date": "2026-06-15",
                "value": 84
              },
              {
                "date": "2026-06-22",
                "value": 72
              },
              {
                "date": "2026-06-29",
                "value": 72
              },
              {
                "date": "2026-07-06",
                "value": 100
              },
              {
                "date": "2026-07-13",
                "value": 47
              },
              {
                "date": "2026-07-20",
                "value": 90
              },
              {
                "date": "2026-07-27",
                "value": 60
              }
            ]
          }
        },
        "production_summary": {
          "bagging_banana": {
            "metric": "bags",
            "latest": {
              "date": "2026-07-20",
              "value": 87
            },
            "total_ytd": 2935,
            "n_weeks": 27,
            "estimated": false,
            "estimate_note": null
          },
          "picking_banana": {
            "metric": "bunches",
            "latest": {
              "date": "2026-07-27",
              "value": 60
            },
            "total_ytd": 2726,
            "n_weeks": 30,
            "estimated": false,
            "estimate_note": null
          }
        },
        "fert_from_previous_crop_count": 0,
        "fert_total_all_kg_ha": 385.9,
        "spray_count": 0,
        "spray_last_date": null,
        "spray_applications": []
      },
      "geometry": {
        "type": "Polygon",
        "coordinates": [
          [
            [
              145.93966412858688,
              -17.602018265080336
            ],
            [
              145.94068197719542,
              -17.601972662488347
            ],
            [
              145.9418482541336,
              -17.601837070297204
            ],
            [
              145.94277815430516,
              -17.60165481649564
            ],
            [
              145.94282012052525,
              -17.600542992464224
            ],
            [
              145.93960501299802,
              -17.60099667952988
            ],
            [
              145.9393437503267,
              -17.6011598146382
            ],
            [
              145.93940098907527,
              -17.601489197253777
            ],
            [
              145.9395302795253,
              -17.601637407869664
            ],
            [
              145.93966412858688,
              -17.602018265080336
            ]
          ]
        ]
      }
    },
    {
      "type": "Feature",
      "properties": {
        "fid": 11,
        "paddock_id": "9",
        "true_area_ha": 1.431,
        "feature_type": "paddock",
        "planting_history": [
          {
            "block": "9",
            "crop": "Banana",
            "planted": "Sep-14",
            "start_picking": "Nov-15",
            "plough_out": "Nov-19",
            "notes": "",
            "planted_sort": "2014-09-01"
          },
          {
            "block": "9",
            "crop": "Papaya",
            "planted": "Sep-20",
            "start_picking": "Mar-21",
            "plough_out": "Jun-23",
            "notes": "",
            "planted_sort": "2020-09-01"
          },
          {
            "block": "9",
            "crop": "Banana",
            "planted": "Sep-21",
            "start_picking": "Jun-23",
            "plough_out": "",
            "notes": "Planted into papaw rows",
            "planted_sort": "2021-09-01"
          }
        ],
        "current_crop": "Banana",
        "current_planted": "Sep-21",
        "current_status": "active",
        "start_picking": "Jun-23",
        "fert_applications": [
          {
            "date": "2026-01-27",
            "product": "NPKS Ozcal #",
            "activity": "BANDED",
            "N": 9.9,
            "P": 1.98,
            "K": 29.7,
            "S": 9.9
          },
          {
            "date": "2026-02-27",
            "product": "NPKS Ozcal #",
            "activity": "BANDED",
            "N": 9.9,
            "P": 1.98,
            "K": 29.7,
            "S": 9.9
          },
          {
            "date": "2026-03-19",
            "product": "NPKS Ozcal #",
            "activity": "BANDED",
            "N": 9.9,
            "P": 1.98,
            "K": 29.7,
            "S": 9.9
          },
          {
            "date": "2026-04-15",
            "product": "CB 11299",
            "activity": "BANDED",
            "N": 14.04,
            "P": 3.51,
            "K": 42.12,
            "S": 14.04
          },
          {
            "date": "2026-06-24",
            "product": "CB 11299",
            "activity": "BANDED",
            "N": 14.04,
            "P": 3.51,
            "K": 42.12,
            "S": 14.04
          },
          {
            "date": "2026-06-24",
            "product": "Black Darvo Red",
            "activity": "BANDED",
            "N": 13.75,
            "P": 2.93,
            "K": 38.33,
            "S": 5.86
          },
          {
            "date": "2026-08-06",
            "product": "CK 7",
            "activity": "BANDED",
            "N": 5.96,
            "P": 1.0,
            "K": 10.02,
            "S": 6.11
          }
        ],
        "fert_count": 7,
        "fert_last_date": "2026-08-06",
        "fert_totals_kg_ha": {
          "N": 77.5,
          "P": 16.9,
          "K": 221.7,
          "S": 69.8
        },
        "production": {
          "bagging_banana": {
            "area_ha": 1.2,
            "metric": "bags",
            "series": [
              {
                "date": "2026-01-05",
                "value": 49
              },
              {
                "date": "2026-01-12",
                "value": 12
              },
              {
                "date": "2026-01-19",
                "value": 45
              },
              {
                "date": "2026-01-26",
                "value": 32
              },
              {
                "date": "2026-02-02",
                "value": 31
              },
              {
                "date": "2026-02-09",
                "value": 29
              },
              {
                "date": "2026-02-16",
                "value": 51
              },
              {
                "date": "2026-02-23",
                "value": 31
              },
              {
                "date": "2026-03-09",
                "value": 38
              },
              {
                "date": "2026-03-23",
                "value": 62
              },
              {
                "date": "2026-03-30",
                "value": 20
              },
              {
                "date": "2026-04-06",
                "value": 60
              },
              {
                "date": "2026-04-13",
                "value": 62
              },
              {
                "date": "2026-04-20",
                "value": 72
              },
              {
                "date": "2026-04-27",
                "value": 25
              },
              {
                "date": "2026-05-04",
                "value": 31
              },
              {
                "date": "2026-05-11",
                "value": 24
              },
              {
                "date": "2026-05-18",
                "value": 50
              },
              {
                "date": "2026-05-25",
                "value": 40
              },
              {
                "date": "2026-06-01",
                "value": 30
              },
              {
                "date": "2026-06-08",
                "value": 27
              },
              {
                "date": "2026-06-15",
                "value": 29
              },
              {
                "date": "2026-06-22",
                "value": 28
              },
              {
                "date": "2026-06-29",
                "value": 26
              },
              {
                "date": "2026-07-06",
                "value": 24
              },
              {
                "date": "2026-07-13",
                "value": 23
              },
              {
                "date": "2026-07-20",
                "value": 18
              }
            ]
          },
          "picking_banana": {
            "area_ha": 1.2,
            "metric": "bunches",
            "series": [
              {
                "date": "2026-01-05",
                "value": 26
              },
              {
                "date": "2026-01-12",
                "value": 13
              },
              {
                "date": "2026-01-19",
                "value": 38
              },
              {
                "date": "2026-01-26",
                "value": 17
              },
              {
                "date": "2026-02-02",
                "value": 18
              },
              {
                "date": "2026-02-09",
                "value": 43
              },
              {
                "date": "2026-02-16",
                "value": 16
              },
              {
                "date": "2026-02-23",
                "value": 19
              },
              {
                "date": "2026-03-02",
                "value": 10
              },
              {
                "date": "2026-03-09",
                "value": 19
              },
              {
                "date": "2026-03-16",
                "value": 26
              },
              {
                "date": "2026-03-23",
                "value": 20
              },
              {
                "date": "2026-03-30",
                "value": 38
              },
              {
                "date": "2026-04-06",
                "value": 18
              },
              {
                "date": "2026-04-13",
                "value": 37
              },
              {
                "date": "2026-04-20",
                "value": 31
              },
              {
                "date": "2026-04-27",
                "value": 44
              },
              {
                "date": "2026-05-04",
                "value": 44
              },
              {
                "date": "2026-05-11",
                "value": 20
              },
              {
                "date": "2026-05-18",
                "value": 18
              },
              {
                "date": "2026-05-25",
                "value": 18
              },
              {
                "date": "2026-06-01",
                "value": 17
              },
              {
                "date": "2026-06-08",
                "value": 30
              },
              {
                "date": "2026-06-15",
                "value": 30
              },
              {
                "date": "2026-06-22",
                "value": 19
              },
              {
                "date": "2026-06-29",
                "value": 4
              },
              {
                "date": "2026-07-06",
                "value": 48
              },
              {
                "date": "2026-07-13",
                "value": 35
              },
              {
                "date": "2026-07-20",
                "value": 24
              },
              {
                "date": "2026-07-27",
                "value": 17
              }
            ]
          }
        },
        "production_summary": {
          "bagging_banana": {
            "metric": "bags",
            "latest": {
              "date": "2026-07-20",
              "value": 18
            },
            "total_ytd": 969,
            "n_weeks": 27,
            "estimated": false,
            "estimate_note": null
          },
          "picking_banana": {
            "metric": "bunches",
            "latest": {
              "date": "2026-07-27",
              "value": 17
            },
            "total_ytd": 757,
            "n_weeks": 30,
            "estimated": false,
            "estimate_note": null
          }
        },
        "fert_from_previous_crop_count": 0,
        "fert_total_all_kg_ha": 385.9,
        "spray_count": 0,
        "spray_last_date": null,
        "spray_applications": []
      },
      "geometry": {
        "type": "Polygon",
        "coordinates": [
          [
            [
              145.93821122466332,
              -17.60412533624644
            ],
            [
              145.9391933412577,
              -17.604628481304417
            ],
            [
              145.93927655207557,
              -17.60481616062301
            ],
            [
              145.93924003679987,
              -17.604990431100877
            ],
            [
              145.93867768471995,
              -17.60554910732266
            ],
            [
              145.93840181488767,
              -17.60567953843913
            ],
            [
              145.93817951306124,
              -17.60575493849569
            ],
            [
              145.9380509620308,
              -17.605732970939307
            ],
            [
              145.9380509620308,
              -17.605732970939307
            ],
            [
              145.93821122466332,
              -17.60412533624644
            ]
          ]
        ]
      }
    },
    {
      "type": "Feature",
      "properties": {
        "fid": 12,
        "paddock_id": "18",
        "true_area_ha": 2.619,
        "feature_type": "paddock",
        "planting_history": [
          {
            "block": "18",
            "crop": "Banana",
            "planted": "Sep-14",
            "start_picking": "Jul-15",
            "plough_out": "Apr-25",
            "notes": "First 15 rows cut for bits",
            "planted_sort": "2014-09-01"
          },
          {
            "block": "18",
            "crop": "Papaya",
            "planted": "Jul-25",
            "start_picking": "Mar-26",
            "plough_out": "",
            "notes": "",
            "planted_sort": "2025-07-01"
          }
        ],
        "current_crop": "Papaya",
        "current_planted": "Jul-25",
        "current_status": "active",
        "start_picking": "Mar-26",
        "fert_applications": [
          {
            "date": "2026-01-27",
            "product": "Crop Pro 7",
            "activity": "BANDED",
            "N": 59.15,
            "P": 9.86,
            "K": 98.59,
            "S": 59.15
          },
          {
            "date": "2026-02-27",
            "product": "Crop Pro 7",
            "activity": "BANDED",
            "N": 29.58,
            "P": 4.93,
            "K": 49.3,
            "S": 29.58
          },
          {
            "date": "2026-03-20",
            "product": "Crop Pro 7",
            "activity": "BANDED",
            "N": 54.96,
            "P": 9.16,
            "K": 91.6,
            "S": 54.96
          },
          {
            "date": "2026-07-10",
            "product": "Crop Pro 7",
            "activity": "BANDED",
            "N": 31.99,
            "P": 5.33,
            "K": 53.32,
            "S": 31.99
          },
          {
            "date": "2026-08-03",
            "product": "CK 7",
            "activity": "BANDED",
            "N": 31.73,
            "P": 5.33,
            "K": 53.32,
            "S": 32.53
          }
        ],
        "fert_count": 5,
        "fert_last_date": "2026-08-03",
        "fert_totals_kg_ha": {
          "N": 207.4,
          "P": 34.6,
          "K": 346.1,
          "S": 208.2
        },
        "production": {},
        "production_summary": {},
        "fert_from_previous_crop_count": 0,
        "fert_total_all_kg_ha": 796.3,
        "spray_count": 0,
        "spray_last_date": null,
        "spray_applications": []
      },
      "geometry": {
        "type": "Polygon",
        "coordinates": [
          [
            [
              145.93811041487965,
              -17.605809885651546
            ],
            [
              145.93868489309412,
              -17.6058342499186
            ],
            [
              145.9395224688559,
              -17.60525577525132
            ],
            [
              145.93967107355417,
              -17.605262956011636
            ],
            [
              145.93993383780963,
              -17.605477130632845
            ],
            [
              145.9394440791467,
              -17.606902148559058
            ],
            [
              145.9390484055582,
              -17.607031937095662
            ],
            [
              145.93877365245845,
              -17.60697088696937
            ],
            [
              145.93841015732326,
              -17.606909359474358
            ],
            [
              145.9381708766778,
              -17.60685275447928
            ],
            [
              145.93791466887183,
              -17.606655633924344
            ],
            [
              145.937925060856,
              -17.60639611771083
            ],
            [
              145.93811041487965,
              -17.605809885651546
            ]
          ]
        ]
      }
    },
    {
      "type": "Feature",
      "properties": {
        "fid": 13,
        "paddock_id": "13",
        "true_area_ha": 2.058,
        "feature_type": "paddock",
        "planting_history": [
          {
            "block": "13",
            "crop": "Banana",
            "planted": "Nov-15",
            "start_picking": "Jun-16",
            "plough_out": "",
            "notes": "",
            "planted_sort": "2015-11-01"
          }
        ],
        "current_crop": "Banana",
        "current_planted": "Nov-15",
        "current_status": "active",
        "start_picking": "Jun-16",
        "fert_applications": [
          {
            "date": "2026-01-27",
            "product": "NPKS Ozcal #",
            "activity": "BANDED",
            "N": 9.9,
            "P": 1.98,
            "K": 29.7,
            "S": 9.9
          },
          {
            "date": "2026-02-27",
            "product": "NPKS Ozcal #",
            "activity": "BANDED",
            "N": 9.9,
            "P": 1.98,
            "K": 29.7,
            "S": 9.9
          },
          {
            "date": "2026-03-19",
            "product": "NPKS Ozcal #",
            "activity": "BANDED",
            "N": 9.9,
            "P": 1.98,
            "K": 29.7,
            "S": 9.9
          },
          {
            "date": "2026-04-15",
            "product": "CB 11299",
            "activity": "BANDED",
            "N": 14.04,
            "P": 3.51,
            "K": 42.12,
            "S": 14.04
          },
          {
            "date": "2026-06-24",
            "product": "Black Darvo Red",
            "activity": "BANDED",
            "N": 13.75,
            "P": 2.93,
            "K": 38.33,
            "S": 5.86
          },
          {
            "date": "2026-06-24",
            "product": "CB 11299",
            "activity": "BANDED",
            "N": 14.04,
            "P": 3.51,
            "K": 42.12,
            "S": 14.04
          },
          {
            "date": "2026-08-06",
            "product": "CK 7",
            "activity": "BANDED",
            "N": 5.96,
            "P": 1.0,
            "K": 10.02,
            "S": 6.11
          }
        ],
        "fert_count": 7,
        "fert_last_date": "2026-08-06",
        "fert_totals_kg_ha": {
          "N": 77.5,
          "P": 16.9,
          "K": 221.7,
          "S": 69.8
        },
        "production": {
          "bagging_banana": {
            "area_ha": 2,
            "metric": "bags",
            "series": [
              {
                "date": "2026-01-05",
                "value": 76
              },
              {
                "date": "2026-01-12",
                "value": 40
              },
              {
                "date": "2026-01-19",
                "value": 23
              },
              {
                "date": "2026-01-26",
                "value": 16
              },
              {
                "date": "2026-02-02",
                "value": 25
              },
              {
                "date": "2026-02-09",
                "value": 31
              },
              {
                "date": "2026-02-16",
                "value": 43
              },
              {
                "date": "2026-02-23",
                "value": 32
              },
              {
                "date": "2026-03-09",
                "value": 173
              },
              {
                "date": "2026-03-23",
                "value": 136
              },
              {
                "date": "2026-04-06",
                "value": 90
              },
              {
                "date": "2026-04-13",
                "value": 96
              },
              {
                "date": "2026-04-20",
                "value": 101
              },
              {
                "date": "2026-04-27",
                "value": 54
              },
              {
                "date": "2026-05-04",
                "value": 39
              },
              {
                "date": "2026-05-11",
                "value": 56
              },
              {
                "date": "2026-05-18",
                "value": 43
              },
              {
                "date": "2026-05-25",
                "value": 43
              },
              {
                "date": "2026-06-01",
                "value": 42
              },
              {
                "date": "2026-06-08",
                "value": 21
              },
              {
                "date": "2026-06-15",
                "value": 45
              },
              {
                "date": "2026-06-22",
                "value": 48
              },
              {
                "date": "2026-06-29",
                "value": 50
              },
              {
                "date": "2026-07-06",
                "value": 17
              },
              {
                "date": "2026-07-13",
                "value": 43
              },
              {
                "date": "2026-07-20",
                "value": 26
              }
            ]
          },
          "picking_banana": {
            "area_ha": 2,
            "metric": "bunches",
            "series": [
              {
                "date": "2026-01-05",
                "value": 41
              },
              {
                "date": "2026-01-12",
                "value": 53
              },
              {
                "date": "2026-01-19",
                "value": 50
              },
              {
                "date": "2026-01-26",
                "value": 47
              },
              {
                "date": "2026-02-02",
                "value": 60
              },
              {
                "date": "2026-02-09",
                "value": 25
              },
              {
                "date": "2026-02-16",
                "value": 25
              },
              {
                "date": "2026-02-23",
                "value": 60
              },
              {
                "date": "2026-03-02",
                "value": 71
              },
              {
                "date": "2026-03-09",
                "value": 31
              },
              {
                "date": "2026-03-16",
                "value": 25
              },
              {
                "date": "2026-03-23",
                "value": 21
              },
              {
                "date": "2026-03-30",
                "value": 41
              },
              {
                "date": "2026-04-06",
                "value": 25
              },
              {
                "date": "2026-04-13",
                "value": 53
              },
              {
                "date": "2026-04-20",
                "value": 32
              },
              {
                "date": "2026-04-27",
                "value": 34
              },
              {
                "date": "2026-05-04",
                "value": 34
              },
              {
                "date": "2026-05-11",
                "value": 42
              },
              {
                "date": "2026-05-18",
                "value": 22
              },
              {
                "date": "2026-05-25",
                "value": 20
              },
              {
                "date": "2026-06-01",
                "value": 66
              },
              {
                "date": "2026-06-08",
                "value": 88
              },
              {
                "date": "2026-06-15",
                "value": 69
              },
              {
                "date": "2026-06-22",
                "value": 61
              },
              {
                "date": "2026-06-29",
                "value": 31
              },
              {
                "date": "2026-07-06",
                "value": 36
              },
              {
                "date": "2026-07-13",
                "value": 53
              },
              {
                "date": "2026-07-20",
                "value": 29
              },
              {
                "date": "2026-07-27",
                "value": 28
              }
            ]
          }
        },
        "production_summary": {
          "bagging_banana": {
            "metric": "bags",
            "latest": {
              "date": "2026-07-20",
              "value": 26
            },
            "total_ytd": 1409,
            "n_weeks": 26,
            "estimated": false,
            "estimate_note": null
          },
          "picking_banana": {
            "metric": "bunches",
            "latest": {
              "date": "2026-07-27",
              "value": 28
            },
            "total_ytd": 1273,
            "n_weeks": 30,
            "estimated": false,
            "estimate_note": null
          }
        },
        "fert_from_previous_crop_count": 0,
        "fert_total_all_kg_ha": 385.9,
        "spray_count": 0,
        "spray_last_date": null,
        "spray_applications": []
      },
      "geometry": {
        "type": "Polygon",
        "coordinates": [
          [
            [
              145.94007297265054,
              -17.605586387068655
            ],
            [
              145.9403347853288,
              -17.605583536635862
            ],
            [
              145.94067081244532,
              -17.605789592822415
            ],
            [
              145.94087960369612,
              -17.60574815973492
            ],
            [
              145.94089222025164,
              -17.605867375341425
            ],
            [
              145.9402216432401,
              -17.607863761165905
            ],
            [
              145.94002188512033,
              -17.60787758257529
            ],
            [
              145.93985136579366,
              -17.607823476233666
            ],
            [
              145.9398363387988,
              -17.60773722610517
            ],
            [
              145.93970590998094,
              -17.60708653156377
            ],
            [
              145.939573815027,
              -17.606911355769743
            ],
            [
              145.94007297265054,
              -17.605586387068655
            ]
          ]
        ]
      }
    },
    {
      "type": "Feature",
      "properties": {
        "fid": 14,
        "paddock_id": "17",
        "true_area_ha": 3.018,
        "feature_type": "paddock",
        "planting_history": [
          {
            "block": "17",
            "crop": "Banana",
            "planted": "Aug-09",
            "start_picking": "Jul-10",
            "plough_out": "Sep-18",
            "notes": "",
            "planted_sort": "2009-08-01"
          },
          {
            "block": "17",
            "crop": "Papaya",
            "planted": "Sep-20",
            "start_picking": "Mar-21",
            "plough_out": "Jun-22",
            "notes": "",
            "planted_sort": "2020-09-01"
          },
          {
            "block": "17",
            "crop": "Banana",
            "planted": "Jun-24",
            "start_picking": "Apr-25",
            "plough_out": "",
            "notes": "",
            "planted_sort": "2024-06-01"
          }
        ],
        "current_crop": "Banana",
        "current_planted": "Jun-24",
        "current_status": "active",
        "start_picking": "Apr-25",
        "fert_applications": [
          {
            "date": "2026-01-27",
            "product": "NPKS Ozcal #",
            "activity": "FERTIGATED",
            "N": 9.9,
            "P": 1.98,
            "K": 29.7,
            "S": 9.9
          },
          {
            "date": "2026-02-27",
            "product": "NPKS Ozcal #",
            "activity": "BANDED",
            "N": 9.9,
            "P": 1.98,
            "K": 29.7,
            "S": 9.9
          },
          {
            "date": "2026-03-19",
            "product": "NPKS Ozcal #",
            "activity": "BANDED",
            "N": 9.9,
            "P": 1.98,
            "K": 29.7,
            "S": 9.9
          },
          {
            "date": "2026-04-15",
            "product": "CB 11299",
            "activity": "BANDED",
            "N": 14.04,
            "P": 3.51,
            "K": 42.12,
            "S": 14.04
          },
          {
            "date": "2026-06-24",
            "product": "CB 11299",
            "activity": "BANDED",
            "N": 14.04,
            "P": 3.51,
            "K": 42.12,
            "S": 14.04
          },
          {
            "date": "2026-06-24",
            "product": "Black Darvo Red",
            "activity": "BANDED",
            "N": 13.75,
            "P": 2.93,
            "K": 38.33,
            "S": 5.86
          }
        ],
        "fert_count": 6,
        "fert_last_date": "2026-06-24",
        "fert_totals_kg_ha": {
          "N": 71.5,
          "P": 15.9,
          "K": 211.7,
          "S": 63.6
        },
        "production": {
          "bagging_banana": {
            "area_ha": 2.8,
            "metric": "bags",
            "series": [
              {
                "date": "2026-01-05",
                "value": 176
              },
              {
                "date": "2026-01-12",
                "value": 173
              },
              {
                "date": "2026-01-19",
                "value": 125
              },
              {
                "date": "2026-01-26",
                "value": 87
              },
              {
                "date": "2026-02-02",
                "value": 68
              },
              {
                "date": "2026-02-09",
                "value": 60
              },
              {
                "date": "2026-02-16",
                "value": 44
              },
              {
                "date": "2026-02-23",
                "value": 15
              },
              {
                "date": "2026-03-09",
                "value": 37
              },
              {
                "date": "2026-03-23",
                "value": 35
              },
              {
                "date": "2026-03-30",
                "value": 12
              },
              {
                "date": "2026-04-06",
                "value": 40
              },
              {
                "date": "2026-04-13",
                "value": 16
              },
              {
                "date": "2026-04-20",
                "value": 10
              },
              {
                "date": "2026-04-27",
                "value": 16
              },
              {
                "date": "2026-05-04",
                "value": 30
              },
              {
                "date": "2026-05-11",
                "value": 9
              },
              {
                "date": "2026-05-18",
                "value": 71
              },
              {
                "date": "2026-05-25",
                "value": 70
              },
              {
                "date": "2026-06-01",
                "value": 68
              },
              {
                "date": "2026-06-08",
                "value": 41
              },
              {
                "date": "2026-06-15",
                "value": 80
              },
              {
                "date": "2026-06-22",
                "value": 68
              },
              {
                "date": "2026-06-29",
                "value": 47
              },
              {
                "date": "2026-07-06",
                "value": 157
              },
              {
                "date": "2026-07-13",
                "value": 132
              },
              {
                "date": "2026-07-20",
                "value": 136
              }
            ]
          },
          "picking_banana": {
            "area_ha": 2.8,
            "metric": "bunches",
            "series": [
              {
                "date": "2026-01-05",
                "value": 39
              },
              {
                "date": "2026-01-12",
                "value": 38
              },
              {
                "date": "2026-01-19",
                "value": 126
              },
              {
                "date": "2026-01-26",
                "value": 195
              },
              {
                "date": "2026-02-02",
                "value": 180
              },
              {
                "date": "2026-02-09",
                "value": 128
              },
              {
                "date": "2026-02-16",
                "value": 188
              },
              {
                "date": "2026-02-23",
                "value": 161
              },
              {
                "date": "2026-03-02",
                "value": 97
              },
              {
                "date": "2026-03-09",
                "value": 170
              },
              {
                "date": "2026-03-16",
                "value": 166
              },
              {
                "date": "2026-03-23",
                "value": 110
              },
              {
                "date": "2026-03-30",
                "value": 52
              },
              {
                "date": "2026-04-06",
                "value": 82
              },
              {
                "date": "2026-04-13",
                "value": 20
              },
              {
                "date": "2026-04-20",
                "value": 56
              },
              {
                "date": "2026-04-27",
                "value": 34
              },
              {
                "date": "2026-05-04",
                "value": 34
              },
              {
                "date": "2026-05-11",
                "value": 22
              },
              {
                "date": "2026-05-18",
                "value": 22
              },
              {
                "date": "2026-05-25",
                "value": 10
              },
              {
                "date": "2026-06-15",
                "value": 27
              },
              {
                "date": "2026-06-29",
                "value": 18
              },
              {
                "date": "2026-07-13",
                "value": 16
              },
              {
                "date": "2026-07-20",
                "value": 4
              },
              {
                "date": "2026-07-27",
                "value": 14
              }
            ]
          }
        },
        "production_summary": {
          "bagging_banana": {
            "metric": "bags",
            "latest": {
              "date": "2026-07-20",
              "value": 136
            },
            "total_ytd": 1823,
            "n_weeks": 27,
            "estimated": false,
            "estimate_note": null
          },
          "picking_banana": {
            "metric": "bunches",
            "latest": {
              "date": "2026-07-27",
              "value": 14
            },
            "total_ytd": 2009,
            "n_weeks": 26,
            "estimated": false,
            "estimate_note": null
          }
        },
        "fert_from_previous_crop_count": 0,
        "fert_total_all_kg_ha": 362.7,
        "spray_count": 0,
        "spray_last_date": null,
        "spray_applications": []
      },
      "geometry": {
        "type": "Polygon",
        "coordinates": [
          [
            [
              145.93866812046429,
              -17.607755419175295
            ],
            [
              145.93845747592565,
              -17.6073542906488
            ],
            [
              145.93768875162152,
              -17.606779949629956
            ],
            [
              145.93655635387046,
              -17.606554708458432
            ],
            [
              145.93628121626335,
              -17.6065596096809
            ],
            [
              145.93714132606468,
              -17.60819826750716
            ],
            [
              145.9372321902902,
              -17.608594497446557
            ],
            [
              145.9372095065038,
              -17.60867948094003
            ],
            [
              145.93726267263952,
              -17.608882956618924
            ],
            [
              145.9373855374741,
              -17.609118721940398
            ],
            [
              145.93783577724483,
              -17.608954124493234
            ],
            [
              145.9381621179273,
              -17.608730349708797
            ],
            [
              145.9382296579347,
              -17.608562629311464
            ],
            [
              145.93809665944724,
              -17.6083523416553
            ],
            [
              145.9377056786144,
              -17.60824811215602
            ],
            [
              145.93749208130782,
              -17.60778313762119
            ],
            [
              145.93753480658953,
              -17.607685496060913
            ],
            [
              145.93777705324163,
              -17.607614459429495
            ],
            [
              145.9380656158752,
              -17.607590479627657
            ],
            [
              145.93821195403996,
              -17.607606159946968
            ],
            [
              145.9384131096861,
              -17.607732772126223
            ],
            [
              145.93841312212206,
              -17.6077306445529
            ],
            [
              145.93866812046429,
              -17.607755419175295
            ]
          ]
        ]
      }
    },
    {
      "type": "Feature",
      "properties": {
        "fid": 15,
        "paddock_id": "8",
        "true_area_ha": 1.563,
        "feature_type": "paddock",
        "planting_history": [
          {
            "block": "8",
            "crop": "Papaya",
            "planted": "Jul-16",
            "start_picking": "Feb-17",
            "plough_out": "Feb-18",
            "notes": "",
            "planted_sort": "2016-07-01"
          },
          {
            "block": "8",
            "crop": "Banana",
            "planted": "Oct-18",
            "start_picking": "Jul-19",
            "plough_out": "Jan-25",
            "notes": "",
            "planted_sort": "2018-10-01"
          }
        ],
        "current_crop": "Banana",
        "current_planted": "Oct-18",
        "current_status": "fallow/last crop removed",
        "start_picking": "Jul-19",
        "fert_applications": [],
        "fert_count": 0,
        "production": {},
        "production_summary": {},
        "fert_last_date": null,
        "fert_totals_kg_ha": null,
        "fert_total_all_kg_ha": 0,
        "fert_from_previous_crop_count": 0,
        "spray_count": 0,
        "spray_last_date": null,
        "spray_applications": []
      },
      "geometry": {
        "type": "Polygon",
        "coordinates": [
          [
            [
              145.9403688360496,
              -17.608683692853916
            ],
            [
              145.94033014304046,
              -17.60847072112069
            ],
            [
              145.9404110296636,
              -17.60829668856451
            ],
            [
              145.9404394896114,
              -17.60798195036175
            ],
            [
              145.9406243411795,
              -17.607480818682816
            ],
            [
              145.94125756085575,
              -17.607705489154984
            ],
            [
              145.94168766549396,
              -17.607758857923493
            ],
            [
              145.9416602739943,
              -17.60789062493631
            ],
            [
              145.94209925352243,
              -17.60794404039512
            ],
            [
              145.94205195719314,
              -17.60844591057296
            ],
            [
              145.94114705066193,
              -17.60839425256643
            ],
            [
              145.9409648296693,
              -17.608444338840116
            ],
            [
              145.94084777619193,
              -17.60873307030239
            ],
            [
              145.94068330343148,
              -17.608783251485036
            ],
            [
              145.94068330343148,
              -17.608783251485036
            ],
            [
              145.9403688360496,
              -17.608683692853916
            ]
          ]
        ]
      }
    },
    {
      "type": "Feature",
      "properties": {
        "fid": 16,
        "paddock_id": "7",
        "true_area_ha": 2.739,
        "feature_type": "paddock",
        "planting_history": [
          {
            "block": "7",
            "crop": "Banana",
            "planted": "Jun-11",
            "start_picking": "May-12",
            "plough_out": "Jun-16",
            "notes": "",
            "planted_sort": "2011-06-01"
          },
          {
            "block": "7",
            "crop": "Papaya",
            "planted": "Sep-17",
            "start_picking": "May-18",
            "plough_out": "Jul-19",
            "notes": "",
            "planted_sort": "2017-09-01"
          },
          {
            "block": "7",
            "crop": "Banana",
            "planted": "Oct-19",
            "start_picking": "Jul-20",
            "plough_out": "",
            "notes": "",
            "planted_sort": "2019-10-01"
          }
        ],
        "current_crop": "Banana",
        "current_planted": "Oct-19",
        "current_status": "active",
        "start_picking": "Jul-20",
        "fert_applications": [
          {
            "date": "2026-01-27",
            "product": "NPKS Ozcal #",
            "activity": "BANDED",
            "N": 9.9,
            "P": 1.98,
            "K": 29.7,
            "S": 9.9
          },
          {
            "date": "2026-02-27",
            "product": "NPKS Ozcal #",
            "activity": "BANDED",
            "N": 9.9,
            "P": 1.98,
            "K": 29.7,
            "S": 9.9
          },
          {
            "date": "2026-03-19",
            "product": "NPKS Ozcal #",
            "activity": "BANDED",
            "N": 9.9,
            "P": 1.98,
            "K": 29.7,
            "S": 9.9
          },
          {
            "date": "2026-04-15",
            "product": "CB 11299",
            "activity": "BANDED",
            "N": 14.04,
            "P": 3.51,
            "K": 42.12,
            "S": 14.04
          },
          {
            "date": "2026-06-24",
            "product": "CB 11299",
            "activity": "BANDED",
            "N": 14.04,
            "P": 3.51,
            "K": 42.12,
            "S": 14.04
          },
          {
            "date": "2026-06-24",
            "product": "Black Darvo Red",
            "activity": "BANDED",
            "N": 13.75,
            "P": 2.93,
            "K": 38.33,
            "S": 5.86
          },
          {
            "date": "2026-08-06",
            "product": "CK 7",
            "activity": "BANDED",
            "N": 5.96,
            "P": 1.0,
            "K": 10.02,
            "S": 6.11
          }
        ],
        "fert_count": 7,
        "fert_last_date": "2026-08-06",
        "fert_totals_kg_ha": {
          "N": 77.5,
          "P": 16.9,
          "K": 221.7,
          "S": 69.8
        },
        "production": {
          "bagging_banana": {
            "area_ha": 2.5,
            "metric": "bags",
            "series": [
              {
                "date": "2026-01-05",
                "value": 83
              },
              {
                "date": "2026-01-12",
                "value": 20
              },
              {
                "date": "2026-01-19",
                "value": 38
              },
              {
                "date": "2026-01-26",
                "value": 27
              },
              {
                "date": "2026-02-02",
                "value": 60
              },
              {
                "date": "2026-02-09",
                "value": 94
              },
              {
                "date": "2026-02-16",
                "value": 32
              },
              {
                "date": "2026-02-23",
                "value": 36
              },
              {
                "date": "2026-03-09",
                "value": 139
              },
              {
                "date": "2026-03-23",
                "value": 170
              },
              {
                "date": "2026-04-06",
                "value": 190
              },
              {
                "date": "2026-04-13",
                "value": 194
              },
              {
                "date": "2026-04-20",
                "value": 103
              },
              {
                "date": "2026-04-27",
                "value": 102
              },
              {
                "date": "2026-05-04",
                "value": 48
              },
              {
                "date": "2026-05-11",
                "value": 63
              },
              {
                "date": "2026-05-18",
                "value": 26
              },
              {
                "date": "2026-05-25",
                "value": 36
              },
              {
                "date": "2026-06-01",
                "value": 43
              },
              {
                "date": "2026-06-08",
                "value": 54
              },
              {
                "date": "2026-06-15",
                "value": 48
              },
              {
                "date": "2026-06-22",
                "value": 40
              },
              {
                "date": "2026-06-29",
                "value": 33
              },
              {
                "date": "2026-07-06",
                "value": 53
              },
              {
                "date": "2026-07-13",
                "value": 38
              },
              {
                "date": "2026-07-20",
                "value": 16
              }
            ]
          },
          "picking_banana": {
            "area_ha": 2.5,
            "metric": "bunches",
            "series": [
              {
                "date": "2026-01-05",
                "value": 38
              },
              {
                "date": "2026-01-12",
                "value": 39
              },
              {
                "date": "2026-01-19",
                "value": 42
              },
              {
                "date": "2026-01-26",
                "value": 37
              },
              {
                "date": "2026-02-02",
                "value": 80
              },
              {
                "date": "2026-02-09",
                "value": 52
              },
              {
                "date": "2026-02-16",
                "value": 76
              },
              {
                "date": "2026-02-23",
                "value": 69
              },
              {
                "date": "2026-03-02",
                "value": 60
              },
              {
                "date": "2026-03-09",
                "value": 37
              },
              {
                "date": "2026-03-16",
                "value": 63
              },
              {
                "date": "2026-03-23",
                "value": 58
              },
              {
                "date": "2026-03-30",
                "value": 85
              },
              {
                "date": "2026-04-06",
                "value": 35
              },
              {
                "date": "2026-04-13",
                "value": 81
              },
              {
                "date": "2026-04-20",
                "value": 31
              },
              {
                "date": "2026-04-27",
                "value": 74
              },
              {
                "date": "2026-05-04",
                "value": 74
              },
              {
                "date": "2026-05-11",
                "value": 62
              },
              {
                "date": "2026-05-18",
                "value": 38
              },
              {
                "date": "2026-05-25",
                "value": 60
              },
              {
                "date": "2026-06-01",
                "value": 27
              },
              {
                "date": "2026-06-08",
                "value": 69
              },
              {
                "date": "2026-06-15",
                "value": 102
              },
              {
                "date": "2026-06-22",
                "value": 77
              },
              {
                "date": "2026-06-29",
                "value": 37
              },
              {
                "date": "2026-07-06",
                "value": 69
              },
              {
                "date": "2026-07-13",
                "value": 74
              },
              {
                "date": "2026-07-20",
                "value": 40
              },
              {
                "date": "2026-07-27",
                "value": 38
              }
            ]
          }
        },
        "production_summary": {
          "bagging_banana": {
            "metric": "bags",
            "latest": {
              "date": "2026-07-20",
              "value": 16
            },
            "total_ytd": 1786,
            "n_weeks": 26,
            "estimated": false,
            "estimate_note": null
          },
          "picking_banana": {
            "metric": "bunches",
            "latest": {
              "date": "2026-07-27",
              "value": 38
            },
            "total_ytd": 1724,
            "n_weeks": 30,
            "estimated": false,
            "estimate_note": null
          }
        },
        "fert_from_previous_crop_count": 0,
        "fert_total_all_kg_ha": 385.9,
        "spray_count": 0,
        "spray_last_date": null,
        "spray_applications": []
      },
      "geometry": {
        "type": "Polygon",
        "coordinates": [
          [
            [
              145.94086702306026,
              -17.60695446520141
            ],
            [
              145.94092242707845,
              -17.606584552645305
            ],
            [
              145.94110402929752,
              -17.605879149253713
            ],
            [
              145.94118330994527,
              -17.605409365370196
            ],
            [
              145.94153400008076,
              -17.60557400970185
            ],
            [
              145.94217131607243,
              -17.605284873245694
            ],
            [
              145.9423331579204,
              -17.60530488876099
            ],
            [
              145.94216556840752,
              -17.6074146126903
            ],
            [
              145.9419746726829,
              -17.6074306112202
            ],
            [
              145.94177500184622,
              -17.607429541406372
            ],
            [
              145.94128795940526,
              -17.607248209122815
            ],
            [
              145.94086702306026,
              -17.60695446520141
            ]
          ]
        ]
      }
    },
    {
      "type": "Feature",
      "properties": {
        "fid": 17,
        "paddock_id": "1B",
        "true_area_ha": 1.972,
        "feature_type": "paddock",
        "planting_history": [
          {
            "block": "1B",
            "crop": "Papaya",
            "planted": "Feb-21",
            "start_picking": "Dec-21",
            "plough_out": "Apr-23",
            "notes": "",
            "planted_sort": "2021-02-01"
          },
          {
            "block": "1B",
            "crop": "Papaya",
            "planted": "Jul-26",
            "start_picking": "",
            "plough_out": "",
            "notes": "Confirmed by William 4/8/26: planted papaya July 2026.",
            "planted_sort": "2026-07-01"
          }
        ],
        "current_crop": "Papaya",
        "current_planted": "Jul-26",
        "current_status": "active",
        "start_picking": "",
        "fert_applications": [],
        "fert_count": 0,
        "production": {},
        "production_summary": {},
        "fert_from_previous_crop_count": 1,
        "fert_last_date": null,
        "fert_totals_kg_ha": null,
        "fert_total_all_kg_ha": 0,
        "spray_count": 0,
        "spray_last_date": null,
        "spray_applications": []
      },
      "geometry": {
        "type": "Polygon",
        "coordinates": [
          [
            [
              145.93513028203978,
              -17.601359840365035
            ],
            [
              145.9345977104416,
              -17.60100165308148
            ],
            [
              145.93431592734495,
              -17.6040320187024
            ],
            [
              145.9346330980674,
              -17.604425215200322
            ],
            [
              145.93478378296692,
              -17.604455814844933
            ],
            [
              145.93513028203978,
              -17.601359840365035
            ]
          ]
        ]
      }
    },
    {
      "type": "Feature",
      "properties": {
        "fid": 18,
        "paddock_id": "1C",
        "true_area_ha": 4.627,
        "feature_type": "paddock",
        "planting_history": [
          {
            "block": "1C",
            "crop": "Papaya",
            "planted": "Nov-20",
            "start_picking": "Jun-21",
            "plough_out": "Dec-22",
            "notes": "",
            "planted_sort": "2020-11-01"
          },
          {
            "block": "1C",
            "crop": "Pumpkin",
            "planted": "Dec-22",
            "start_picking": "Feb-23",
            "plough_out": "May-23",
            "notes": "",
            "planted_sort": "2022-12-01"
          },
          {
            "block": "1C",
            "crop": "Sugarcane",
            "planted": "Jun-26",
            "start_picking": "",
            "plough_out": "",
            "notes": "Confirmed by William 4/8/26: now sugarcane. PLANTING DATE NOT CONFIRMED - update when known.",
            "planted_sort": "2026-06-01"
          }
        ],
        "current_crop": "Sugarcane",
        "current_planted": "Jun-26",
        "current_status": "active",
        "start_picking": "",
        "fert_applications": [],
        "fert_count": 0,
        "production": {},
        "production_summary": {},
        "fert_last_date": null,
        "fert_totals_kg_ha": null,
        "fert_total_all_kg_ha": 0,
        "fert_from_previous_crop_count": 0,
        "spray_count": 0,
        "spray_last_date": null,
        "spray_applications": []
      },
      "geometry": {
        "type": "Polygon",
        "coordinates": [
          [
            [
              145.93478378296692,
              -17.604455814844933
            ],
            [
              145.9349656769448,
              -17.604461050994903
            ],
            [
              145.93518653160734,
              -17.604632452860418
            ],
            [
              145.93538410411344,
              -17.60499096124173
            ],
            [
              145.93586173626974,
              -17.605261617703402
            ],
            [
              145.93623942553566,
              -17.601382837134064
            ],
            [
              145.93513028203978,
              -17.601359840365035
            ],
            [
              145.93478378296692,
              -17.604455814844933
            ]
          ]
        ]
      }
    },
    {
      "type": "Feature",
      "properties": {
        "fid": 19,
        "paddock_id": "1A",
        "true_area_ha": 5.244,
        "feature_type": "paddock",
        "planting_history": [
          {
            "block": "1A",
            "crop": "Papaya",
            "planted": "Oct-25",
            "start_picking": "May-26",
            "plough_out": "",
            "notes": "",
            "planted_sort": "2025-10-01"
          }
        ],
        "current_crop": "Papaya",
        "current_planted": "Oct-25",
        "current_status": "active",
        "start_picking": "May-26",
        "fert_applications": [
          {
            "date": "2026-01-27",
            "product": "Crop Pro 7",
            "activity": "BANDED",
            "N": 59.15,
            "P": 9.86,
            "K": 98.59,
            "S": 59.15
          },
          {
            "date": "2026-02-27",
            "product": "Crop Pro 7",
            "activity": "BANDED",
            "N": 29.58,
            "P": 4.93,
            "K": 49.3,
            "S": 29.58
          },
          {
            "date": "2026-03-20",
            "product": "Crop Pro 7",
            "activity": "BANDED",
            "N": 54.96,
            "P": 9.16,
            "K": 91.6,
            "S": 54.96
          },
          {
            "date": "2026-07-10",
            "product": "Crop Pro 7",
            "activity": "BANDED",
            "N": 31.99,
            "P": 5.33,
            "K": 53.32,
            "S": 31.99
          },
          {
            "date": "2026-08-03",
            "product": "CK 7",
            "activity": "BANDED",
            "N": 31.73,
            "P": 5.33,
            "K": 53.32,
            "S": 32.53
          }
        ],
        "fert_count": 5,
        "fert_last_date": "2026-08-03",
        "fert_totals_kg_ha": {
          "N": 207.4,
          "P": 34.6,
          "K": 346.1,
          "S": 208.2
        },
        "production": {},
        "production_summary": {},
        "fert_from_previous_crop_count": 0,
        "fert_total_all_kg_ha": 796.3,
        "spray_count": 0,
        "spray_last_date": null,
        "spray_applications": []
      },
      "geometry": {
        "type": "Polygon",
        "coordinates": [
          [
            [
              145.93421685545948,
              -17.603901698204965
            ],
            [
              145.93405800866043,
              -17.603749778711357
            ],
            [
              145.93390018594886,
              -17.60342339827122
            ],
            [
              145.93379190350413,
              -17.603350474110986
            ],
            [
              145.93362907010848,
              -17.603121937803333
            ],
            [
              145.9334766301817,
              -17.60301260524173
            ],
            [
              145.933414649447,
              -17.602988866561336
            ],
            [
              145.93316248957396,
              -17.602859846558374
            ],
            [
              145.93237650354212,
              -17.602208798145444
            ],
            [
              145.93236847973697,
              -17.602064075401998
            ],
            [
              145.93250991450282,
              -17.600647832740805
            ],
            [
              145.93259872850714,
              -17.600635546797886
            ],
            [
              145.93277996866124,
              -17.600751418441117
            ],
            [
              145.9331121405358,
              -17.60085533926333
            ],
            [
              145.93347158398805,
              -17.60084876956044
            ],
            [
              145.93390673036336,
              -17.600795799687038
            ],
            [
              145.93427073550248,
              -17.600767976746447
            ],
            [
              145.93443044096915,
              -17.600773093511624
            ],
            [
              145.93455843900915,
              -17.600888676397172
            ],
            [
              145.93455843900915,
              -17.600888676397172
            ],
            [
              145.93421685545948,
              -17.603901698204965
            ]
          ]
        ]
      }
    },
    {
      "type": "Feature",
      "properties": {
        "fid": 20,
        "paddock_id": "10B",
        "true_area_ha": 3.528,
        "feature_type": "paddock",
        "planting_history": [
          {
            "block": "10B",
            "crop": "Papaya",
            "planted": "Nov-16",
            "start_picking": "May-17",
            "plough_out": "Jul-18",
            "notes": "",
            "planted_sort": "2016-11-01"
          },
          {
            "block": "10B",
            "crop": "Banana",
            "planted": "Oct-18",
            "start_picking": "Jul-19",
            "plough_out": "Jun-23",
            "notes": "",
            "planted_sort": "2018-10-01"
          },
          {
            "block": "10B",
            "crop": "Sugarcane",
            "planted": "Jun-26",
            "start_picking": "",
            "plough_out": "",
            "notes": "Confirmed by William 4/8/26: now sugarcane. PLANTING DATE NOT CONFIRMED.",
            "planted_sort": "2026-06-01"
          }
        ],
        "current_crop": "Sugarcane",
        "current_planted": "Jun-26",
        "current_status": "active",
        "start_picking": "",
        "fert_applications": [],
        "fert_count": 0,
        "production": {},
        "production_summary": {},
        "fert_last_date": null,
        "fert_totals_kg_ha": null,
        "fert_total_all_kg_ha": 0,
        "fert_from_previous_crop_count": 0,
        "spray_count": 1,
        "spray_last_date": "2026-08-06",
        "spray_applications": [
          {
            "date": "2026-08-06",
            "product": "Haloxyfop 900",
            "batch": "280944",
            "rate": "8L/ha"
          }
        ]
      },
      "geometry": {
        "type": "Polygon",
        "coordinates": [
          [
            [
              145.93399771630226,
              -17.600413315621662
            ],
            [
              145.93420034045974,
              -17.597639966825575
            ],
            [
              145.93502923726115,
              -17.598538045188175
            ],
            [
              145.93491796302973,
              -17.59935445913583
            ],
            [
              145.93520975268052,
              -17.599534753716867
            ],
            [
              145.93544839945758,
              -17.5996977404234
            ],
            [
              145.9358386501043,
              -17.599733885101653
            ],
            [
              145.93576227590137,
              -17.600652614288553
            ],
            [
              145.9356645631825,
              -17.600669109002602
            ],
            [
              145.93532655669847,
              -17.600803456642126
            ],
            [
              145.93500824299986,
              -17.60060599804835
            ],
            [
              145.9346099651507,
              -17.600425128872146
            ],
            [
              145.9343532211119,
              -17.600321617440688
            ],
            [
              145.93418461719767,
              -17.600320707904437
            ],
            [
              145.93399771630226,
              -17.600413315621662
            ]
          ]
        ]
      }
    },
    {
      "type": "Feature",
      "properties": {
        "fid": 21,
        "paddock_id": "10A",
        "true_area_ha": 6.373,
        "feature_type": "paddock",
        "planting_history": [
          {
            "block": "10A",
            "crop": "Papaya",
            "planted": "Oct-16",
            "start_picking": "Apr-17",
            "plough_out": "May-18",
            "notes": "",
            "planted_sort": "2016-10-01"
          },
          {
            "block": "10A",
            "crop": "Sugarcane",
            "planted": "Jun-26",
            "start_picking": "",
            "plough_out": "",
            "notes": "Confirmed by William 4/8/26: now sugarcane. PLANTING DATE NOT CONFIRMED.",
            "planted_sort": "2026-06-01"
          }
        ],
        "current_crop": "Sugarcane",
        "current_planted": "Jun-26",
        "current_status": "active",
        "start_picking": "",
        "fert_applications": [],
        "fert_count": 0,
        "production": {},
        "production_summary": {},
        "fert_last_date": null,
        "fert_totals_kg_ha": null,
        "fert_total_all_kg_ha": 0,
        "fert_from_previous_crop_count": 0,
        "spray_count": 1,
        "spray_last_date": "2026-08-06",
        "spray_applications": [
          {
            "date": "2026-08-06",
            "product": "Haloxyfop 900",
            "batch": "280944",
            "rate": "8L/ha"
          }
        ]
      },
      "geometry": {
        "type": "Polygon",
        "coordinates": [
          [
            [
              145.93399771630226,
              -17.600413315621662
            ],
            [
              145.9335623960424,
              -17.600496071749728
            ],
            [
              145.93327728221695,
              -17.60069027522489
            ],
            [
              145.93286948245662,
              -17.600619988402652
            ],
            [
              145.93264848481348,
              -17.600474115109478
            ],
            [
              145.93256044582753,
              -17.60035449168732
            ],
            [
              145.9327902127409,
              -17.597496186455558
            ],
            [
              145.93288408025145,
              -17.596150695619084
            ],
            [
              145.9329131445689,
              -17.596112555065872
            ],
            [
              145.93395711621483,
              -17.59702881992797
            ],
            [
              145.93392620482692,
              -17.59738184136197
            ],
            [
              145.93420034045974,
              -17.597639966825575
            ],
            [
              145.93399771630226,
              -17.600413315621662
            ]
          ]
        ]
      }
    },
    {
      "type": "Feature",
      "properties": {
        "fid": 22,
        "paddock_id": "6",
        "true_area_ha": 4.679,
        "feature_type": "paddock",
        "planting_history": [
          {
            "block": "6",
            "crop": "Papaya",
            "planted": "Jul-14",
            "start_picking": "Jan-15",
            "plough_out": "May-16",
            "notes": "",
            "planted_sort": "2014-07-01"
          },
          {
            "block": "6",
            "crop": "Sugarcane",
            "planted": "Jun-26",
            "start_picking": "",
            "plough_out": "",
            "notes": "Confirmed by William 4/8/26: now sugarcane. PLANTING DATE NOT CONFIRMED - update when known.",
            "planted_sort": "2026-06-01"
          }
        ],
        "current_crop": "Sugarcane",
        "current_planted": "Jun-26",
        "current_status": "active",
        "start_picking": "",
        "fert_applications": [],
        "fert_count": 0,
        "production": {},
        "production_summary": {},
        "fert_last_date": null,
        "fert_totals_kg_ha": null,
        "fert_total_all_kg_ha": 0,
        "fert_from_previous_crop_count": 0,
        "spray_count": 0,
        "spray_last_date": null,
        "spray_applications": []
      },
      "geometry": {
        "type": "Polygon",
        "coordinates": [
          [
            [
              145.93290925735892,
              -17.5960189179369
            ],
            [
              145.93511219518965,
              -17.597915891592503
            ],
            [
              145.93539034807912,
              -17.598151430983407
            ],
            [
              145.93583062367549,
              -17.598736776348108
            ],
            [
              145.93642135128025,
              -17.597876134984805
            ],
            [
              145.9361353449121,
              -17.597466088147538
            ],
            [
              145.9334952272945,
              -17.595213578288885
            ],
            [
              145.93290925735892,
              -17.5960189179369
            ]
          ]
        ]
      }
    },
    {
      "type": "Feature",
      "properties": {
        "fid": 23,
        "paddock_id": "12C",
        "true_area_ha": 1.613,
        "feature_type": "paddock",
        "planting_history": [
          {
            "block": "12C",
            "crop": "Fallow",
            "planted": "Jun-26",
            "start_picking": "",
            "plough_out": "",
            "notes": "Confirmed by William 4/8/26: fallow (no prior planting record existed for 12C).",
            "planted_sort": "2026-06-01"
          }
        ],
        "current_crop": "Fallow",
        "current_planted": "Jun-26",
        "current_status": "active",
        "start_picking": "",
        "fert_applications": [],
        "fert_count": 0,
        "production": {},
        "production_summary": {},
        "fert_last_date": null,
        "fert_totals_kg_ha": null,
        "fert_total_all_kg_ha": 0,
        "fert_from_previous_crop_count": 0,
        "spray_count": 0,
        "spray_last_date": null,
        "spray_applications": []
      },
      "geometry": {
        "type": "Polygon",
        "coordinates": [
          [
            [
              145.93341786160124,
              -17.60877047347957
            ],
            [
              145.93355265745754,
              -17.60886268987581
            ],
            [
              145.9353109038786,
              -17.609057281836545
            ],
            [
              145.93545117462583,
              -17.608594212922245
            ],
            [
              145.93515730180926,
              -17.60838837524936
            ],
            [
              145.9351320761262,
              -17.608149943747538
            ],
            [
              145.93430513685752,
              -17.608045483994744
            ],
            [
              145.9340508965814,
              -17.608269641438742
            ],
            [
              145.93384675072903,
              -17.608274922319975
            ],
            [
              145.93354328871305,
              -17.608569025345265
            ],
            [
              145.93341786160124,
              -17.60877047347957
            ]
          ]
        ]
      }
    },
    {
      "type": "Feature",
      "properties": {
        "fid": 24,
        "paddock_id": "12A",
        "true_area_ha": 3.264,
        "feature_type": "paddock",
        "planting_history": [
          {
            "block": "12A",
            "crop": "Papaya",
            "planted": "Nov-23",
            "start_picking": "May-24",
            "plough_out": "May-25",
            "notes": "",
            "planted_sort": "2023-11-01"
          },
          {
            "block": "12A",
            "crop": "Fallow",
            "planted": "Jun-26",
            "start_picking": "",
            "plough_out": "",
            "notes": "Confirmed by William 4/8/26: fallow (resting after papaya, ploughed out May-25).",
            "planted_sort": "2026-06-01"
          }
        ],
        "current_crop": "Fallow",
        "current_planted": "Jun-26",
        "current_status": "active",
        "start_picking": "",
        "fert_applications": [],
        "fert_count": 0,
        "production": {},
        "production_summary": {},
        "fert_from_previous_crop_count": 2,
        "fert_last_date": null,
        "fert_totals_kg_ha": null,
        "fert_total_all_kg_ha": 0,
        "spray_count": 0,
        "spray_last_date": null,
        "spray_applications": []
      },
      "geometry": {
        "type": "Polygon",
        "coordinates": [
          [
            [
              145.9311146732892,
              -17.60749101314176
            ],
            [
              145.93369991404168,
              -17.60777732618436
            ],
            [
              145.93370352674887,
              -17.60791776976459
            ],
            [
              145.93381280630675,
              -17.608199207928877
            ],
            [
              145.93332608439854,
              -17.60871997829107
            ],
            [
              145.9331083391422,
              -17.608774120574687
            ],
            [
              145.9309573993426,
              -17.608579511420455
            ],
            [
              145.9310316746056,
              -17.608022472897403
            ],
            [
              145.9311146732892,
              -17.60749101314176
            ]
          ]
        ]
      }
    },
    {
      "type": "Feature",
      "properties": {
        "fid": 25,
        "paddock_id": "12B",
        "true_area_ha": 2.243,
        "feature_type": "paddock",
        "planting_history": [
          {
            "block": "12B",
            "crop": "Papaya",
            "planted": "Sep-23",
            "start_picking": "Feb-24",
            "plough_out": "",
            "notes": "",
            "planted_sort": "2023-09-01"
          },
          {
            "block": "12B",
            "crop": "Banana",
            "planted": "Aug-25",
            "start_picking": "",
            "plough_out": "",
            "notes": "",
            "planted_sort": "2025-08-01"
          }
        ],
        "current_crop": "Banana",
        "current_planted": "Aug-25",
        "current_status": "active",
        "start_picking": "",
        "fert_applications": [
          {
            "date": "2026-01-27",
            "product": "NPKS Ozcal #",
            "activity": "BANDED",
            "N": 9.9,
            "P": 1.98,
            "K": 29.7,
            "S": 9.9
          },
          {
            "date": "2026-04-15",
            "product": "CB 11299",
            "activity": "BANDED",
            "N": 14.04,
            "P": 3.51,
            "K": 42.12,
            "S": 14.04
          },
          {
            "date": "2026-06-24",
            "product": "CB 11299",
            "activity": "BANDED",
            "N": 14.04,
            "P": 3.51,
            "K": 42.12,
            "S": 14.04
          },
          {
            "date": "2026-06-24",
            "product": "Black Darvo Red",
            "activity": "BANDED",
            "N": 13.75,
            "P": 2.93,
            "K": 38.33,
            "S": 5.86
          },
          {
            "date": "2026-08-06",
            "product": "CK 7",
            "activity": "BANDED",
            "N": 5.96,
            "P": 1.0,
            "K": 10.02,
            "S": 6.11
          }
        ],
        "fert_count": 5,
        "fert_last_date": "2026-08-06",
        "fert_totals_kg_ha": {
          "N": 57.7,
          "P": 12.9,
          "K": 162.3,
          "S": 49.9
        },
        "production": {
          "bagging_banana": {
            "area_ha": 3.8,
            "metric": "bags",
            "series": [
              {
                "date": "2026-03-23",
                "value": 10
              },
              {
                "date": "2026-03-30",
                "value": 29
              },
              {
                "date": "2026-04-06",
                "value": 61
              },
              {
                "date": "2026-04-13",
                "value": 61
              },
              {
                "date": "2026-04-20",
                "value": 177
              },
              {
                "date": "2026-04-27",
                "value": 183
              },
              {
                "date": "2026-05-04",
                "value": 337
              },
              {
                "date": "2026-05-11",
                "value": 340
              },
              {
                "date": "2026-05-18",
                "value": 194
              },
              {
                "date": "2026-05-25",
                "value": 157
              },
              {
                "date": "2026-06-01",
                "value": 129
              },
              {
                "date": "2026-06-08",
                "value": 170
              },
              {
                "date": "2026-06-15",
                "value": 35
              },
              {
                "date": "2026-06-22",
                "value": 31
              },
              {
                "date": "2026-06-29",
                "value": 28
              }
            ]
          },
          "picking_banana": {
            "area_ha": 3.8,
            "metric": "bunches",
            "series": [
              {
                "date": "2026-06-22",
                "value": 40
              },
              {
                "date": "2026-06-29",
                "value": 16
              },
              {
                "date": "2026-07-06",
                "value": 17
              },
              {
                "date": "2026-07-13",
                "value": 21
              },
              {
                "date": "2026-07-20",
                "value": 102
              },
              {
                "date": "2026-07-27",
                "value": 69
              }
            ]
          }
        },
        "production_summary": {
          "bagging_banana": {
            "metric": "bags",
            "latest": {
              "date": "2026-06-29",
              "value": 28
            },
            "total_ytd": 1942,
            "n_weeks": 15,
            "estimated": false,
            "estimate_note": null
          },
          "picking_banana": {
            "metric": "bunches",
            "latest": {
              "date": "2026-07-27",
              "value": 69
            },
            "total_ytd": 265,
            "n_weeks": 6,
            "estimated": false,
            "estimate_note": null
          }
        },
        "fert_from_previous_crop_count": 0,
        "fert_total_all_kg_ha": 282.8,
        "spray_count": 0,
        "spray_last_date": null,
        "spray_applications": []
      },
      "geometry": {
        "type": "Polygon",
        "coordinates": [
          [
            [
              145.9311146732892,
              -17.60749101314176
            ],
            [
              145.93123477069744,
              -17.606687416623675
            ],
            [
              145.93178462031898,
              -17.60674996523795
            ],
            [
              145.93198501536574,
              -17.606627646103764
            ],
            [
              145.9325970095698,
              -17.60668627323947
            ],
            [
              145.93291580567544,
              -17.60680288838491
            ],
            [
              145.93319421840008,
              -17.606995879844217
            ],
            [
              145.93339961385126,
              -17.60753315386216
            ],
            [
              145.93338562777592,
              -17.607647970742313
            ],
            [
              145.93369605151074,
              -17.60767943400389
            ],
            [
              145.93369991404168,
              -17.60777732618436
            ],
            [
              145.9311146732892,
              -17.60749101314176
            ]
          ]
        ]
      }
    },
    {
      "type": "Feature",
      "properties": {
        "fid": 26,
        "paddock_id": "14D",
        "true_area_ha": 1.122,
        "feature_type": "paddock",
        "planting_history": [
          {
            "block": "14D",
            "crop": "Papaya",
            "planted": "Nov-22",
            "start_picking": "Sep-23",
            "plough_out": "Feb-24",
            "notes": "",
            "planted_sort": "2022-11-01"
          },
          {
            "block": "14D",
            "crop": "Banana",
            "planted": "Jul-25",
            "start_picking": "May-26",
            "plough_out": "",
            "notes": "",
            "planted_sort": "2025-07-01"
          }
        ],
        "current_crop": "Banana",
        "current_planted": "Jul-25",
        "current_status": "active",
        "start_picking": "May-26",
        "fert_applications": [
          {
            "date": "2026-01-27",
            "product": "NPKS Ozcal #",
            "activity": "BANDED",
            "N": 9.9,
            "P": 1.98,
            "K": 29.7,
            "S": 9.9
          },
          {
            "date": "2026-02-27",
            "product": "NPKS Ozcal #",
            "activity": "BANDED",
            "N": 9.9,
            "P": 1.98,
            "K": 29.7,
            "S": 9.9
          },
          {
            "date": "2026-03-19",
            "product": "NPKS Ozcal #",
            "activity": "BANDED",
            "N": 9.9,
            "P": 1.98,
            "K": 29.7,
            "S": 9.9
          },
          {
            "date": "2026-04-15",
            "product": "CB 11299",
            "activity": "BANDED",
            "N": 14.04,
            "P": 3.51,
            "K": 42.12,
            "S": 14.04
          },
          {
            "date": "2026-06-24",
            "product": "CB 11299",
            "activity": "BANDED",
            "N": 14.04,
            "P": 3.51,
            "K": 42.12,
            "S": 14.04
          },
          {
            "date": "2026-06-24",
            "product": "Black Darvo Red",
            "activity": "BANDED",
            "N": 13.75,
            "P": 2.93,
            "K": 38.33,
            "S": 5.86
          },
          {
            "date": "2026-08-06",
            "product": "CK 7",
            "activity": "BANDED",
            "N": 5.96,
            "P": 1.0,
            "K": 10.02,
            "S": 6.11
          }
        ],
        "fert_count": 7,
        "fert_last_date": "2026-08-06",
        "fert_totals_kg_ha": {
          "N": 77.5,
          "P": 16.9,
          "K": 221.7,
          "S": 69.8
        },
        "production": {
          "bagging_banana": {
            "area_ha": 1.122,
            "metric": "bags",
            "series": [
              {
                "date": "2026-03-02",
                "value": 8.4
              },
              {
                "date": "2026-03-09",
                "value": 43.1
              },
              {
                "date": "2026-03-16",
                "value": 119.0
              },
              {
                "date": "2026-03-23",
                "value": 141.0
              },
              {
                "date": "2026-03-30",
                "value": 138.0
              },
              {
                "date": "2026-04-06",
                "value": 218.2
              },
              {
                "date": "2026-04-13",
                "value": 94.1
              },
              {
                "date": "2026-04-20",
                "value": 70.9
              },
              {
                "date": "2026-04-27",
                "value": 34.2
              },
              {
                "date": "2026-05-04",
                "value": 22.8
              },
              {
                "date": "2026-05-11",
                "value": 12.7
              },
              {
                "date": "2026-05-18",
                "value": 3.4
              },
              {
                "date": "2026-05-25",
                "value": 6.3
              }
            ],
            "estimated": true,
            "estimate_note": "Split from combined '14B/D' record by true paddock area (42.2%)."
          },
          "picking_banana": {
            "area_ha": 1.122,
            "metric": "bunches",
            "series": [
              {
                "date": "2026-05-11",
                "value": 2.5
              },
              {
                "date": "2026-05-18",
                "value": 3.0
              },
              {
                "date": "2026-05-25",
                "value": 6.8
              },
              {
                "date": "2026-06-01",
                "value": 59.1
              },
              {
                "date": "2026-06-08",
                "value": 48.1
              },
              {
                "date": "2026-06-15",
                "value": 96.7
              },
              {
                "date": "2026-06-22",
                "value": 172.2
              },
              {
                "date": "2026-06-29",
                "value": 215.7
              },
              {
                "date": "2026-07-06",
                "value": 76.8
              },
              {
                "date": "2026-07-13",
                "value": 97.9
              },
              {
                "date": "2026-07-20",
                "value": 64.2
              },
              {
                "date": "2026-07-27",
                "value": 44.7
              }
            ],
            "estimated": true,
            "estimate_note": "Split from combined '14B/D' record by true paddock area (42.2%)."
          }
        },
        "production_summary": {
          "bagging_banana": {
            "metric": "bags",
            "latest": {
              "date": "2026-05-25",
              "value": 6.3
            },
            "total_ytd": 912.1,
            "n_weeks": 13,
            "estimated": true,
            "estimate_note": "Split from combined '14B/D' record by true paddock area (42.2%)."
          },
          "picking_banana": {
            "metric": "bunches",
            "latest": {
              "date": "2026-07-27",
              "value": 44.7
            },
            "total_ytd": 887.7,
            "n_weeks": 12,
            "estimated": true,
            "estimate_note": "Split from combined '14B/D' record by true paddock area (42.2%)."
          }
        },
        "fert_from_previous_crop_count": 0,
        "fert_total_all_kg_ha": 385.9,
        "spray_count": 0,
        "spray_last_date": null,
        "spray_applications": []
      },
      "geometry": {
        "type": "Polygon",
        "coordinates": [
          [
            [
              145.93092841462607,
              -17.607472983859502
            ],
            [
              145.93110684615291,
              -17.606559066133034
            ],
            [
              145.9307929648086,
              -17.606361624575133
            ],
            [
              145.93034782600816,
              -17.605848581588678
            ],
            [
              145.9301310374527,
              -17.607247391679156
            ],
            [
              145.9301310374527,
              -17.607247391679156
            ],
            [
              145.93092841462607,
              -17.607472983859502
            ]
          ]
        ]
      }
    },
    {
      "type": "Feature",
      "properties": {
        "fid": 27,
        "paddock_id": "14B",
        "true_area_ha": 1.536,
        "feature_type": "paddock",
        "planting_history": [
          {
            "block": "14B",
            "crop": "Papaya",
            "planted": "Oct-14",
            "start_picking": "May-15",
            "plough_out": "May-16",
            "notes": "",
            "planted_sort": "2014-10-01"
          },
          {
            "block": "14B",
            "crop": "Papaya",
            "planted": "Nov-22",
            "start_picking": "Sep-23",
            "plough_out": "Feb-24",
            "notes": "",
            "planted_sort": "2022-11-01"
          },
          {
            "block": "14B",
            "crop": "Banana",
            "planted": "Jul-25",
            "start_picking": "May-26",
            "plough_out": "",
            "notes": "",
            "planted_sort": "2025-07-01"
          }
        ],
        "current_crop": "Banana",
        "current_planted": "Jul-25",
        "current_status": "active",
        "start_picking": "May-26",
        "fert_applications": [
          {
            "date": "2026-01-27",
            "product": "NPKS Ozcal #",
            "activity": "BANDED",
            "N": 9.9,
            "P": 1.98,
            "K": 29.7,
            "S": 9.9
          },
          {
            "date": "2026-02-27",
            "product": "NPKS Ozcal #",
            "activity": "BANDED",
            "N": 9.9,
            "P": 1.98,
            "K": 29.7,
            "S": 9.9
          },
          {
            "date": "2026-03-19",
            "product": "NPKS Ozcal #",
            "activity": "BANDED",
            "N": 9.9,
            "P": 1.98,
            "K": 29.7,
            "S": 9.9
          },
          {
            "date": "2026-04-15",
            "product": "CB 11299",
            "activity": "BANDED",
            "N": 14.04,
            "P": 3.51,
            "K": 42.12,
            "S": 14.04
          },
          {
            "date": "2026-06-24",
            "product": "CB 11299",
            "activity": "BANDED",
            "N": 14.04,
            "P": 3.51,
            "K": 42.12,
            "S": 14.04
          },
          {
            "date": "2026-06-24",
            "product": "Black Darvo Red",
            "activity": "BANDED",
            "N": 13.75,
            "P": 2.93,
            "K": 38.33,
            "S": 5.86
          },
          {
            "date": "2026-08-06",
            "product": "CK 7",
            "activity": "BANDED",
            "N": 5.96,
            "P": 1.0,
            "K": 10.02,
            "S": 6.11
          }
        ],
        "fert_count": 7,
        "fert_last_date": "2026-08-06",
        "fert_totals_kg_ha": {
          "N": 77.5,
          "P": 16.9,
          "K": 221.7,
          "S": 69.8
        },
        "production": {
          "bagging_banana": {
            "area_ha": 1.536,
            "metric": "bags",
            "series": [
              {
                "date": "2026-03-02",
                "value": 11.6
              },
              {
                "date": "2026-03-09",
                "value": 58.9
              },
              {
                "date": "2026-03-16",
                "value": 163.0
              },
              {
                "date": "2026-03-23",
                "value": 193.0
              },
              {
                "date": "2026-03-30",
                "value": 189.0
              },
              {
                "date": "2026-04-06",
                "value": 298.8
              },
              {
                "date": "2026-04-13",
                "value": 128.9
              },
              {
                "date": "2026-04-20",
                "value": 97.1
              },
              {
                "date": "2026-04-27",
                "value": 46.8
              },
              {
                "date": "2026-05-04",
                "value": 31.2
              },
              {
                "date": "2026-05-11",
                "value": 17.3
              },
              {
                "date": "2026-05-18",
                "value": 4.6
              },
              {
                "date": "2026-05-25",
                "value": 8.7
              }
            ],
            "estimated": true,
            "estimate_note": "Split from combined '14B/D' record by true paddock area (57.8%)."
          },
          "picking_banana": {
            "area_ha": 1.536,
            "metric": "bunches",
            "series": [
              {
                "date": "2026-05-11",
                "value": 3.5
              },
              {
                "date": "2026-05-18",
                "value": 4.0
              },
              {
                "date": "2026-05-25",
                "value": 9.2
              },
              {
                "date": "2026-06-01",
                "value": 80.9
              },
              {
                "date": "2026-06-08",
                "value": 65.9
              },
              {
                "date": "2026-06-15",
                "value": 132.3
              },
              {
                "date": "2026-06-22",
                "value": 235.8
              },
              {
                "date": "2026-06-29",
                "value": 295.3
              },
              {
                "date": "2026-07-06",
                "value": 105.2
              },
              {
                "date": "2026-07-13",
                "value": 134.1
              },
              {
                "date": "2026-07-20",
                "value": 87.8
              },
              {
                "date": "2026-07-27",
                "value": 61.3
              }
            ],
            "estimated": true,
            "estimate_note": "Split from combined '14B/D' record by true paddock area (57.8%)."
          }
        },
        "production_summary": {
          "bagging_banana": {
            "metric": "bags",
            "latest": {
              "date": "2026-05-25",
              "value": 8.7
            },
            "total_ytd": 1248.9,
            "n_weeks": 13,
            "estimated": true,
            "estimate_note": "Split from combined '14B/D' record by true paddock area (57.8%)."
          },
          "picking_banana": {
            "metric": "bunches",
            "latest": {
              "date": "2026-07-27",
              "value": 61.3
            },
            "total_ytd": 1215.3,
            "n_weeks": 12,
            "estimated": true,
            "estimate_note": "Split from combined '14B/D' record by true paddock area (57.8%)."
          }
        },
        "fert_from_previous_crop_count": 0,
        "fert_total_all_kg_ha": 385.9,
        "spray_count": 0,
        "spray_last_date": null,
        "spray_applications": []
      },
      "geometry": {
        "type": "Polygon",
        "coordinates": [
          [
            [
              145.9301310374527,
              -17.607247391679156
            ],
            [
              145.92970592764405,
              -17.607100409063143
            ],
            [
              145.92963523489874,
              -17.607048962688165
            ],
            [
              145.9292085767541,
              -17.605659431664222
            ],
            [
              145.93009704318567,
              -17.605485525128444
            ],
            [
              145.93034782600816,
              -17.605848581588678
            ],
            [
              145.9301310374527,
              -17.607247391679156
            ]
          ]
        ]
      }
    },
    {
      "type": "Feature",
      "properties": {
        "fid": 28,
        "paddock_id": "14C",
        "true_area_ha": 3.135,
        "feature_type": "paddock",
        "planting_history": [
          {
            "block": "14C",
            "crop": "Papaya",
            "planted": "Jan-22",
            "start_picking": "Sep-22",
            "plough_out": "Dec-23",
            "notes": "",
            "planted_sort": "2022-01-01"
          },
          {
            "block": "14C",
            "crop": "Banana",
            "planted": "Aug-25",
            "start_picking": "Jun-26",
            "plough_out": "",
            "notes": "",
            "planted_sort": "2025-08-01"
          }
        ],
        "current_crop": "Banana",
        "current_planted": "Aug-25",
        "current_status": "active",
        "start_picking": "Jun-26",
        "fert_applications": [
          {
            "date": "2026-01-27",
            "product": "NPKS Ozcal #",
            "activity": "BANDED",
            "N": 9.9,
            "P": 1.98,
            "K": 29.7,
            "S": 9.9
          },
          {
            "date": "2026-02-27",
            "product": "NPKS Ozcal #",
            "activity": "BANDED",
            "N": 9.9,
            "P": 1.98,
            "K": 29.7,
            "S": 9.9
          },
          {
            "date": "2026-03-19",
            "product": "NPKS Ozcal #",
            "activity": "BANDED",
            "N": 9.9,
            "P": 1.98,
            "K": 29.7,
            "S": 9.9
          },
          {
            "date": "2026-04-15",
            "product": "CB 11299",
            "activity": "BANDED",
            "N": 14.04,
            "P": 3.51,
            "K": 42.12,
            "S": 14.04
          },
          {
            "date": "2026-06-24",
            "product": "Black Darvo Red",
            "activity": "BANDED",
            "N": 13.75,
            "P": 2.93,
            "K": 38.33,
            "S": 5.86
          },
          {
            "date": "2026-06-24",
            "product": "CB 11299",
            "activity": "BANDED",
            "N": 14.04,
            "P": 3.51,
            "K": 42.12,
            "S": 14.04
          },
          {
            "date": "2026-08-06",
            "product": "CK 7",
            "activity": "BANDED",
            "N": 5.96,
            "P": 1.0,
            "K": 10.02,
            "S": 6.11
          }
        ],
        "fert_count": 7,
        "fert_last_date": "2026-08-06",
        "fert_totals_kg_ha": {
          "N": 77.5,
          "P": 16.9,
          "K": 221.7,
          "S": 69.8
        },
        "production": {
          "bagging_banana": {
            "area_ha": 2.8,
            "metric": "bags",
            "series": [
              {
                "date": "2026-03-23",
                "value": 20
              },
              {
                "date": "2026-03-30",
                "value": 43
              },
              {
                "date": "2026-04-06",
                "value": 151
              },
              {
                "date": "2026-04-13",
                "value": 166
              },
              {
                "date": "2026-04-20",
                "value": 345
              },
              {
                "date": "2026-04-27",
                "value": 181
              },
              {
                "date": "2026-05-04",
                "value": 528
              },
              {
                "date": "2026-05-11",
                "value": 391
              },
              {
                "date": "2026-05-18",
                "value": 320
              },
              {
                "date": "2026-05-25",
                "value": 265
              },
              {
                "date": "2026-06-01",
                "value": 174
              },
              {
                "date": "2026-06-08",
                "value": 115
              },
              {
                "date": "2026-06-15",
                "value": 15
              },
              {
                "date": "2026-06-22",
                "value": 10
              },
              {
                "date": "2026-06-29",
                "value": 6
              }
            ]
          },
          "picking_banana": {
            "area_ha": 2.8,
            "metric": "bunches",
            "series": [
              {
                "date": "2026-06-22",
                "value": 62
              },
              {
                "date": "2026-06-29",
                "value": 98
              },
              {
                "date": "2026-07-06",
                "value": 73
              },
              {
                "date": "2026-07-13",
                "value": 27
              },
              {
                "date": "2026-07-20",
                "value": 197
              },
              {
                "date": "2026-07-27",
                "value": 163
              }
            ]
          }
        },
        "production_summary": {
          "bagging_banana": {
            "metric": "bags",
            "latest": {
              "date": "2026-06-29",
              "value": 6
            },
            "total_ytd": 2730,
            "n_weeks": 15,
            "estimated": false,
            "estimate_note": null
          },
          "picking_banana": {
            "metric": "bunches",
            "latest": {
              "date": "2026-07-27",
              "value": 163
            },
            "total_ytd": 620,
            "n_weeks": 6,
            "estimated": false,
            "estimate_note": null
          }
        },
        "fert_from_previous_crop_count": 0,
        "fert_total_all_kg_ha": 385.9,
        "spray_count": 0,
        "spray_last_date": null,
        "spray_applications": []
      },
      "geometry": {
        "type": "Polygon",
        "coordinates": [
          [
            [
              145.93082293301583,
              -17.606170299557164
            ],
            [
              145.93027315755847,
              -17.60458861662504
            ],
            [
              145.93017526545853,
              -17.603881711201915
            ],
            [
              145.93034387245598,
              -17.603882624338052
            ],
            [
              145.93193830030853,
              -17.60438486411346
            ],
            [
              145.93198580684648,
              -17.604606395263563
            ],
            [
              145.931287775228,
              -17.606351536906093
            ],
            [
              145.93110126728916,
              -17.606376059218285
            ],
            [
              145.93082293301583,
              -17.606170299557164
            ]
          ]
        ]
      }
    },
    {
      "type": "Feature",
      "properties": {
        "fid": 29,
        "paddock_id": "14A",
        "true_area_ha": 2.881,
        "feature_type": "paddock",
        "planting_history": [
          {
            "block": "14A",
            "crop": "Papaya",
            "planted": "Nov-14",
            "start_picking": "May-15",
            "plough_out": "May-16",
            "notes": "",
            "planted_sort": "2014-11-01"
          },
          {
            "block": "14A",
            "crop": "Papaya",
            "planted": "Sep-22",
            "start_picking": "May-23",
            "plough_out": "Feb-24",
            "notes": "",
            "planted_sort": "2022-09-01"
          },
          {
            "block": "14A",
            "crop": "Banana",
            "planted": "Jul-25",
            "start_picking": "Jun-26",
            "plough_out": "",
            "notes": "",
            "planted_sort": "2025-07-01"
          }
        ],
        "current_crop": "Banana",
        "current_planted": "Jul-25",
        "current_status": "active",
        "start_picking": "Jun-26",
        "fert_applications": [
          {
            "date": "2026-01-27",
            "product": "NPKS Ozcal #",
            "activity": "BANDED",
            "N": 9.9,
            "P": 1.98,
            "K": 29.7,
            "S": 9.9
          },
          {
            "date": "2026-02-27",
            "product": "NPKS Ozcal #",
            "activity": "BANDED",
            "N": 9.9,
            "P": 1.98,
            "K": 29.7,
            "S": 9.9
          },
          {
            "date": "2026-03-19",
            "product": "NPKS Ozcal #",
            "activity": "BANDED",
            "N": 9.9,
            "P": 1.98,
            "K": 29.7,
            "S": 9.9
          },
          {
            "date": "2026-04-15",
            "product": "CB 11299",
            "activity": "BANDED",
            "N": 14.04,
            "P": 3.51,
            "K": 42.12,
            "S": 14.04
          },
          {
            "date": "2026-06-24",
            "product": "Black Darvo Red",
            "activity": "BANDED",
            "N": 13.75,
            "P": 2.93,
            "K": 38.33,
            "S": 5.86
          },
          {
            "date": "2026-06-24",
            "product": "CB 11299",
            "activity": "BANDED",
            "N": 14.04,
            "P": 3.51,
            "K": 42.12,
            "S": 14.04
          },
          {
            "date": "2026-08-06",
            "product": "CK 7",
            "activity": "BANDED",
            "N": 5.96,
            "P": 1.0,
            "K": 10.02,
            "S": 6.11
          }
        ],
        "fert_count": 7,
        "fert_last_date": "2026-08-06",
        "fert_totals_kg_ha": {
          "N": 77.5,
          "P": 16.9,
          "K": 221.7,
          "S": 69.8
        },
        "production": {
          "bagging_banana": {
            "area_ha": 2.5,
            "metric": "bags",
            "series": [
              {
                "date": "2026-03-09",
                "value": 12
              },
              {
                "date": "2026-03-16",
                "value": 20
              },
              {
                "date": "2026-03-23",
                "value": 84
              },
              {
                "date": "2026-03-30",
                "value": 155
              },
              {
                "date": "2026-04-06",
                "value": 493
              },
              {
                "date": "2026-04-13",
                "value": 337
              },
              {
                "date": "2026-04-20",
                "value": 578
              },
              {
                "date": "2026-04-27",
                "value": 224
              },
              {
                "date": "2026-05-04",
                "value": 304
              },
              {
                "date": "2026-05-11",
                "value": 91
              },
              {
                "date": "2026-05-18",
                "value": 78
              },
              {
                "date": "2026-05-25",
                "value": 54
              }
            ]
          },
          "picking_banana": {
            "area_ha": 2.5,
            "metric": "bunches",
            "series": [
              {
                "date": "2026-06-01",
                "value": 7
              },
              {
                "date": "2026-06-15",
                "value": 30
              },
              {
                "date": "2026-06-22",
                "value": 114
              },
              {
                "date": "2026-06-29",
                "value": 248
              },
              {
                "date": "2026-07-06",
                "value": 88
              },
              {
                "date": "2026-07-13",
                "value": 61
              },
              {
                "date": "2026-07-20",
                "value": 325
              },
              {
                "date": "2026-07-27",
                "value": 305
              }
            ]
          }
        },
        "production_summary": {
          "bagging_banana": {
            "metric": "bags",
            "latest": {
              "date": "2026-05-25",
              "value": 54
            },
            "total_ytd": 2430,
            "n_weeks": 12,
            "estimated": false,
            "estimate_note": null
          },
          "picking_banana": {
            "metric": "bunches",
            "latest": {
              "date": "2026-07-27",
              "value": 305
            },
            "total_ytd": 1178,
            "n_weeks": 8,
            "estimated": false,
            "estimate_note": null
          }
        },
        "fert_from_previous_crop_count": 0,
        "fert_total_all_kg_ha": 385.9,
        "spray_count": 0,
        "spray_last_date": null,
        "spray_applications": []
      },
      "geometry": {
        "type": "Polygon",
        "coordinates": [
          [
            [
              145.93082293301583,
              -17.606170299557164
            ],
            [
              145.93016611843657,
              -17.605434836035144
            ],
            [
              145.93009966272953,
              -17.60541745496885
            ],
            [
              145.92918011208656,
              -17.605595448278137
            ],
            [
              145.92881846004923,
              -17.60447009575124
            ],
            [
              145.92875997994702,
              -17.60385276431693
            ],
            [
              145.93017526545853,
              -17.603881711201915
            ],
            [
              145.93027315755847,
              -17.60458861662504
            ],
            [
              145.93082293301583,
              -17.606170299557164
            ]
          ]
        ]
      }
    },
    {
      "type": "Feature",
      "properties": {
        "fid": 30,
        "paddock_id": "16",
        "true_area_ha": 3.678,
        "feature_type": "paddock",
        "planting_history": [
          {
            "block": "16",
            "crop": "Sugarcane",
            "planted": "Jun-26",
            "start_picking": "",
            "plough_out": "",
            "notes": "Confirmed by William 4/8/26: now sugarcane (no prior planting record existed for 16). PLANTING DATE NOT CONFIRMED.",
            "planted_sort": "2026-06-01"
          }
        ],
        "current_crop": "Sugarcane",
        "current_planted": "Jun-26",
        "current_status": "active",
        "start_picking": "",
        "fert_applications": [],
        "fert_count": 0,
        "production": {},
        "production_summary": {},
        "fert_last_date": null,
        "fert_totals_kg_ha": null,
        "fert_total_all_kg_ha": 0,
        "fert_from_previous_crop_count": 0,
        "spray_count": 0,
        "spray_last_date": null,
        "spray_applications": []
      },
      "geometry": {
        "type": "Polygon",
        "coordinates": [
          [
            [
              145.9286525218715,
              -17.60251177109355
            ],
            [
              145.92805846734493,
              -17.602423442908194
            ],
            [
              145.928022569729,
              -17.602491332437378
            ],
            [
              145.9270738583818,
              -17.602350013137897
            ],
            [
              145.9265784246432,
              -17.602092005424048
            ],
            [
              145.92729653111292,
              -17.60070868812765
            ],
            [
              145.92852884766472,
              -17.600911118175617
            ],
            [
              145.92865398554278,
              -17.600758607054196
            ],
            [
              145.92898176787597,
              -17.600854000360748
            ],
            [
              145.9286525218715,
              -17.60251177109355
            ]
          ]
        ]
      }
    },
    {
      "type": "Feature",
      "properties": {
        "fid": 31,
        "paddock_id": "19",
        "true_area_ha": 4.11,
        "feature_type": "paddock",
        "planting_history": [
          {
            "block": "19",
            "crop": "Sugarcane",
            "planted": "Jun-26",
            "start_picking": "",
            "plough_out": "",
            "notes": "Confirmed by William 4/8/26: now sugarcane (no prior planting record existed for 19). PLANTING DATE NOT CONFIRMED.",
            "planted_sort": "2026-06-01"
          }
        ],
        "current_crop": "Sugarcane",
        "current_planted": "Jun-26",
        "current_status": "active",
        "start_picking": "",
        "fert_applications": [],
        "fert_count": 0,
        "production": {},
        "production_summary": {},
        "fert_last_date": null,
        "fert_totals_kg_ha": null,
        "fert_total_all_kg_ha": 0,
        "fert_from_previous_crop_count": 0,
        "spray_count": 0,
        "spray_last_date": null,
        "spray_applications": []
      },
      "geometry": {
        "type": "Polygon",
        "coordinates": [
          [
            [
              145.92869689177627,
              -17.602512011730397
            ],
            [
              145.92912388922593,
              -17.600454775173034
            ],
            [
              145.93083126568354,
              -17.601361885734775
            ],
            [
              145.93056765635285,
              -17.6016710938569
            ],
            [
              145.9307123484665,
              -17.60196549102169
            ],
            [
              145.93032167131847,
              -17.602754856766396
            ],
            [
              145.92998405843952,
              -17.602821112618656
            ],
            [
              145.92990755169663,
              -17.6030036749019
            ],
            [
              145.92958776147688,
              -17.603057260778638
            ],
            [
              145.92904303835144,
              -17.60287984206254
            ],
            [
              145.929124359107,
              -17.60263347717116
            ],
            [
              145.929124359107,
              -17.60263347717116
            ],
            [
              145.92869689177627,
              -17.602512011730397
            ]
          ]
        ]
      }
    },
    {
      "type": "Feature",
      "properties": {
        "fid": 32,
        "paddock_id": "11A",
        "true_area_ha": 5.152,
        "feature_type": "paddock",
        "planting_history": [
          {
            "block": "11A",
            "crop": "Sugarcane",
            "planted": "Jun-26",
            "start_picking": "",
            "plough_out": "",
            "notes": "Confirmed by William 4/8/26: now sugarcane (no prior planting record existed for 11A). PLANTING DATE NOT CONFIRMED.",
            "planted_sort": "2026-06-01"
          }
        ],
        "current_crop": "Sugarcane",
        "current_planted": "Jun-26",
        "current_status": "active",
        "start_picking": "",
        "fert_applications": [],
        "fert_count": 0,
        "production": {},
        "production_summary": {},
        "fert_last_date": null,
        "fert_totals_kg_ha": null,
        "fert_total_all_kg_ha": 0,
        "fert_from_previous_crop_count": 0,
        "spray_count": 0,
        "spray_last_date": null,
        "spray_applications": []
      },
      "geometry": {
        "type": "Polygon",
        "coordinates": [
          [
            [
              145.93152253153605,
              -17.60151881569792
            ],
            [
              145.9322534898863,
              -17.60209457059776
            ],
            [
              145.93228454905582,
              -17.60208563565375
            ],
            [
              145.93278216095834,
              -17.596128336882888
            ],
            [
              145.93230424128566,
              -17.596477879366198
            ],
            [
              145.93195393033042,
              -17.596441943951522
            ],
            [
              145.93152253153605,
              -17.60151881569792
            ]
          ]
        ]
      }
    },
    {
      "type": "Feature",
      "properties": {
        "fid": 33,
        "paddock_id": "11B",
        "true_area_ha": 4.737,
        "feature_type": "paddock",
        "planting_history": [
          {
            "block": "11B",
            "crop": "Papaya",
            "planted": "Jan-19",
            "start_picking": "Sep-19",
            "plough_out": "Dec-20",
            "notes": "",
            "planted_sort": "2019-01-01"
          },
          {
            "block": "11B",
            "crop": "Sugarcane",
            "planted": "Jun-26",
            "start_picking": "",
            "plough_out": "",
            "notes": "Confirmed by William 4/8/26: now sugarcane. PLANTING DATE NOT CONFIRMED.",
            "planted_sort": "2026-06-01"
          }
        ],
        "current_crop": "Sugarcane",
        "current_planted": "Jun-26",
        "current_status": "active",
        "start_picking": "",
        "fert_applications": [],
        "fert_count": 0,
        "production": {},
        "production_summary": {},
        "fert_last_date": null,
        "fert_totals_kg_ha": null,
        "fert_total_all_kg_ha": 0,
        "fert_from_previous_crop_count": 0,
        "spray_count": 0,
        "spray_last_date": null,
        "spray_applications": []
      },
      "geometry": {
        "type": "Polygon",
        "coordinates": [
          [
            [
              145.93114009434183,
              -17.596382224731926
            ],
            [
              145.93195393033042,
              -17.596441943951522
            ],
            [
              145.93152253153605,
              -17.60151881569792
            ],
            [
              145.93073068356824,
              -17.601111875881543
            ],
            [
              145.93114009434183,
              -17.596382224731926
            ]
          ]
        ]
      }
    },
    {
      "type": "Feature",
      "properties": {
        "fid": 34,
        "paddock_id": "11C",
        "true_area_ha": 4.146,
        "feature_type": "paddock",
        "planting_history": [
          {
            "block": "11C",
            "crop": "Papaya",
            "planted": "Aug-19",
            "start_picking": "Feb-20",
            "plough_out": "Dec-20",
            "notes": "",
            "planted_sort": "2019-08-01"
          },
          {
            "block": "11C",
            "crop": "Sugarcane",
            "planted": "Jun-26",
            "start_picking": "",
            "plough_out": "",
            "notes": "Confirmed by William 4/8/26: now sugarcane. PLANTING DATE NOT CONFIRMED.",
            "planted_sort": "2026-06-01"
          }
        ],
        "current_crop": "Sugarcane",
        "current_planted": "Jun-26",
        "current_status": "active",
        "start_picking": "",
        "fert_applications": [],
        "fert_count": 0,
        "production": {},
        "production_summary": {},
        "fert_last_date": null,
        "fert_totals_kg_ha": null,
        "fert_total_all_kg_ha": 0,
        "fert_from_previous_crop_count": 0,
        "spray_count": 0,
        "spray_last_date": null,
        "spray_applications": []
      },
      "geometry": {
        "type": "Polygon",
        "coordinates": [
          [
            [
              145.9300641790936,
              -17.59825723348714
            ],
            [
              145.93019768655452,
              -17.5981898720189
            ],
            [
              145.93063324256755,
              -17.59655820396747
            ],
            [
              145.93114009434183,
              -17.596382224731926
            ],
            [
              145.93073068356824,
              -17.601111875881543
            ],
            [
              145.9298723696411,
              -17.600690211471008
            ],
            [
              145.9300641790936,
              -17.59825723348714
            ]
          ]
        ]
      }
    },
    {
      "type": "Feature",
      "properties": {
        "fid": 35,
        "paddock_id": "11D",
        "true_area_ha": 1.731,
        "feature_type": "paddock",
        "planting_history": [
          {
            "block": "11D",
            "crop": "Papaya",
            "planted": "Nov-19",
            "start_picking": "Apr-20",
            "plough_out": "Dec-20",
            "notes": "",
            "planted_sort": "2019-11-01"
          },
          {
            "block": "11D",
            "crop": "Sugarcane",
            "planted": "Jun-26",
            "start_picking": "",
            "plough_out": "",
            "notes": "Confirmed by William 4/8/26: now sugarcane. PLANTING DATE NOT CONFIRMED.",
            "planted_sort": "2026-06-01"
          }
        ],
        "current_crop": "Sugarcane",
        "current_planted": "Jun-26",
        "current_status": "active",
        "start_picking": "",
        "fert_applications": [],
        "fert_count": 0,
        "production": {},
        "production_summary": {},
        "fert_last_date": null,
        "fert_totals_kg_ha": null,
        "fert_total_all_kg_ha": 0,
        "fert_from_previous_crop_count": 0,
        "spray_count": 0,
        "spray_last_date": null,
        "spray_applications": []
      },
      "geometry": {
        "type": "Polygon",
        "coordinates": [
          [
            [
              145.9298723696411,
              -17.600690211471008
            ],
            [
              145.92923560577174,
              -17.600320807704378
            ],
            [
              145.92931953251363,
              -17.5996319083046
            ],
            [
              145.92922377577656,
              -17.599316499111396
            ],
            [
              145.9291900858695,
              -17.599009936829457
            ],
            [
              145.9296468108395,
              -17.59830603618443
            ],
            [
              145.9300641790936,
              -17.59825723348714
            ],
            [
              145.9298723696411,
              -17.600690211471008
            ]
          ]
        ]
      }
    },
    {
      "type": "Feature",
      "properties": {
        "fid": 36,
        "paddock_id": "Creek",
        "true_area_ha": 15.012,
        "feature_type": "infrastructure"
      },
      "geometry": {
        "type": "Polygon",
        "coordinates": [
          [
            [
              145.9286652520822,
              -17.603738953963802
            ],
            [
              145.92894365888512,
              -17.603178767970853
            ],
            [
              145.92922782799874,
              -17.6031462664256
            ],
            [
              145.92951064305953,
              -17.60334354182195
            ],
            [
              145.93009738122302,
              -17.60316799927194
            ],
            [
              145.93076593784247,
              -17.602660986468223
            ],
            [
              145.93067844494217,
              -17.60154114138435
            ],
            [
              145.93083126568354,
              -17.601361885734775
            ],
            [
              145.93146416585247,
              -17.601634988158253
            ],
            [
              145.93231246395433,
              -17.60225233455751
            ],
            [
              145.93311598554268,
              -17.602939647780545
            ],
            [
              145.93349431302863,
              -17.603118284768364
            ],
            [
              145.93409945890366,
              -17.60396409602078
            ],
            [
              145.93464598278138,
              -17.60459257029063
            ],
            [
              145.93505369248916,
              -17.604679874508143
            ],
            [
              145.93537041702143,
              -17.60514966252705
            ],
            [
              145.93580380348772,
              -17.605398804249777
            ],
            [
              145.9360560696462,
              -17.607783119091867
            ],
            [
              145.9341052639151,
              -17.606715705398674
            ],
            [
              145.93355446870248,
              -17.604586679927806
            ],
            [
              145.9321471920987,
              -17.604342689737297
            ],
            [
              145.93039990212682,
              -17.603786652201183
            ],
            [
              145.9286652520822,
              -17.603738953963802
            ]
          ]
        ]
      }
    },
    {
      "type": "Feature",
      "properties": {
        "fid": 37,
        "paddock_id": "Fence",
        "true_area_ha": 14.231,
        "feature_type": "infrastructure"
      },
      "geometry": {
        "type": "Polygon",
        "coordinates": [
          [
            [
              145.94301639709877,
              -17.6004588482743
            ],
            [
              145.93953486637542,
              -17.600946569356168
            ],
            [
              145.93844290010102,
              -17.601021555023422
            ],
            [
              145.93839508936105,
              -17.59933195056385
            ],
            [
              145.93841864123948,
              -17.599098036500642
            ],
            [
              145.93909161244406,
              -17.59934845785998
            ],
            [
              145.93931835855682,
              -17.60003052087551
            ],
            [
              145.94382353831915,
              -17.597475951388205
            ],
            [
              145.94504530408975,
              -17.59796758171108
            ],
            [
              145.94433823350357,
              -17.598835794447915
            ],
            [
              145.94501703264515,
              -17.599780184933167
            ],
            [
              145.94301639709877,
              -17.6004588482743
            ]
          ]
        ]
      }
    },
    {
      "type": "Feature",
      "properties": {
        "fid": 38,
        "paddock_id": "Dam",
        "true_area_ha": 4.78,
        "feature_type": "infrastructure"
      },
      "geometry": {
        "type": "Polygon",
        "coordinates": [
          [
            [
              145.93841864123948,
              -17.599098036500642
            ],
            [
              145.93839508936105,
              -17.59933195056385
            ],
            [
              145.9384087267185,
              -17.599813886974996
            ],
            [
              145.93758460817486,
              -17.59983397254719
            ],
            [
              145.93723468182566,
              -17.60048953156896
            ],
            [
              145.937241797691,
              -17.600410847130927
            ],
            [
              145.9363163197838,
              -17.60046969558238
            ],
            [
              145.93631988185322,
              -17.599861209559936
            ],
            [
              145.93583730118274,
              -17.59892244895387
            ],
            [
              145.9368703437147,
              -17.597540788315857
            ],
            [
              145.9370367051822,
              -17.597924658836586
            ],
            [
              145.9375294574144,
              -17.598642196753264
            ],
            [
              145.9376618184054,
              -17.598770566985785
            ],
            [
              145.93796337923462,
              -17.598797719926775
            ],
            [
              145.93806049399245,
              -17.598883347607057
            ],
            [
              145.93806049399245,
              -17.598883347607057
            ],
            [
              145.93841864123948,
              -17.599098036500642
            ]
          ]
        ]
      }
    },
    {
      "type": "Feature",
      "properties": {
        "fid": 39,
        "paddock_id": "Yards",
        "true_area_ha": 13.172,
        "feature_type": "infrastructure"
      },
      "geometry": {
        "type": "Polygon",
        "coordinates": [
          [
            [
              145.9370367051822,
              -17.597924658836586
            ],
            [
              145.9376072143118,
              -17.597485177779237
            ],
            [
              145.93794096448912,
              -17.59655932005411
            ],
            [
              145.93905994730846,
              -17.596412141045686
            ],
            [
              145.9429272767306,
              -17.59365841819162
            ],
            [
              145.94282586938252,
              -17.595836584603276
            ],
            [
              145.9430378482589,
              -17.5960079301971
            ],
            [
              145.94080970157867,
              -17.59766407206701
            ],
            [
              145.93888958683132,
              -17.59823248834366
            ],
            [
              145.9370367051822,
              -17.597924658836586
            ]
          ]
        ]
      }
    },
    {
      "type": "Feature",
      "properties": {
        "fid": 40,
        "paddock_id": "Ridge",
        "true_area_ha": 10.917,
        "feature_type": "infrastructure"
      },
      "geometry": {
        "type": "Polygon",
        "coordinates": [
          [
            [
              145.9370367051822,
              -17.597924658836586
            ],
            [
              145.93888958683132,
              -17.59823248834366
            ],
            [
              145.94080970157867,
              -17.59766407206701
            ],
            [
              145.9430378482589,
              -17.5960079301971
            ],
            [
              145.94358594041066,
              -17.596368305612963
            ],
            [
              145.94382353831915,
              -17.597475951388205
            ],
            [
              145.93931835855682,
              -17.60003052087551
            ],
            [
              145.93909161244406,
              -17.59934845785998
            ],
            [
              145.93841864123948,
              -17.599098036500642
            ],
            [
              145.93796337923462,
              -17.598797719926775
            ],
            [
              145.9376618184054,
              -17.598770566985785
            ],
            [
              145.9375294574144,
              -17.598642196753264
            ],
            [
              145.9370367051822,
              -17.597924658836586
            ]
          ]
        ]
      }
    },
    {
      "type": "Feature",
      "properties": {
        "fid": 41,
        "paddock_id": "Front",
        "true_area_ha": 9.612,
        "feature_type": "infrastructure"
      },
      "geometry": {
        "type": "Polygon",
        "coordinates": [
          [
            [
              145.9429272767306,
              -17.59365841819162
            ],
            [
              145.94438126086854,
              -17.593887465312072
            ],
            [
              145.94745449246312,
              -17.59645703490217
            ],
            [
              145.94647275722818,
              -17.59742201003249
            ],
            [
              145.9443174415976,
              -17.595708389549177
            ],
            [
              145.94358594041066,
              -17.596368305612963
            ],
            [
              145.94282586938252,
              -17.595836584603276
            ],
            [
              145.9429272767306,
              -17.59365841819162
            ]
          ]
        ]
      }
    },
    {
      "type": "Feature",
      "properties": {
        "fid": 42,
        "paddock_id": "House",
        "true_area_ha": 63.362,
        "feature_type": "infrastructure"
      },
      "geometry": {
        "type": "Polygon",
        "coordinates": [
          [
            [
              145.93651559246527,
              -17.597504836961797
            ],
            [
              145.93692617495952,
              -17.5970985392821
            ],
            [
              145.9374105317758,
              -17.596216045592172
            ],
            [
              145.93794096448912,
              -17.59655932005411
            ],
            [
              145.93905994730846,
              -17.596412141045686
            ],
            [
              145.9429272767306,
              -17.59365841819162
            ],
            [
              145.94210207420156,
              -17.592122097880935
            ],
            [
              145.9436868014487,
              -17.59122845196266
            ],
            [
              145.94382081895185,
              -17.589544071871366
            ],
            [
              145.94503342706966,
              -17.58854629772905
            ],
            [
              145.94450478073935,
              -17.587896670794574
            ],
            [
              145.94341798395132,
              -17.588622775538774
            ],
            [
              145.94221883319634,
              -17.58730573211596
            ],
            [
              145.9405826798281,
              -17.58789271134751
            ],
            [
              145.94079236722553,
              -17.58845553343886
            ],
            [
              145.94073565679201,
              -17.58905097027808
            ],
            [
              145.94017707541116,
              -17.590494774706322
            ],
            [
              145.94001556749407,
              -17.59080028946261
            ],
            [
              145.93965983567963,
              -17.590934550630944
            ],
            [
              145.9389686008608,
              -17.59077765076589
            ],
            [
              145.9384210317374,
              -17.590332160653936
            ],
            [
              145.93698363845542,
              -17.590307414274893
            ],
            [
              145.9359530281947,
              -17.590523143663447
            ],
            [
              145.93554046623214,
              -17.59126985225538
            ],
            [
              145.93537536162663,
              -17.59218810423679
            ],
            [
              145.93583698274634,
              -17.592156548062512
            ],
            [
              145.93583578711764,
              -17.592360795250112
            ],
            [
              145.93524973700798,
              -17.592425723346746
            ],
            [
              145.93498143771973,
              -17.592781721467667
            ],
            [
              145.93441213540788,
              -17.59301694852627
            ],
            [
              145.93391312129785,
              -17.593371700919178
            ],
            [
              145.93375070175193,
              -17.593830395027293
            ],
            [
              145.93369426520917,
              -17.594374766445966
            ],
            [
              145.93372886098618,
              -17.594528143216202
            ],
            [
              145.93436516617976,
              -17.594974124746262
            ],
            [
              145.93421999435412,
              -17.595518017779696
            ],
            [
              145.9354389761553,
              -17.596477771712095
            ],
            [
              145.93651559246527,
              -17.597504836961797
            ]
          ]
        ]
      }
    },
    {
      "type": "Feature",
      "properties": {
        "fid": 43,
        "paddock_id": "Hill",
        "true_area_ha": 38.547,
        "feature_type": "infrastructure"
      },
      "geometry": {
        "type": "Polygon",
        "coordinates": [
          [
            [
              145.92725032945796,
              -17.600643012465728
            ],
            [
              145.92498998191388,
              -17.600209453999007
            ],
            [
              145.92445463599242,
              -17.602198005240506
            ],
            [
              145.92460120325885,
              -17.606671087756926
            ],
            [
              145.92485876348,
              -17.608136301226043
            ],
            [
              145.93083675417887,
              -17.608721941772178
            ],
            [
              145.9309631946005,
              -17.60759497929257
            ],
            [
              145.92961016315445,
              -17.607162123383386
            ],
            [
              145.92876947383922,
              -17.60450014888614
            ],
            [
              145.9286652520822,
              -17.603738953963802
            ],
            [
              145.92895258307266,
              -17.603170305816768
            ],
            [
              145.9285623274082,
              -17.602565172515046
            ],
            [
              145.92753804310962,
              -17.602640296450446
            ],
            [
              145.92649425721928,
              -17.602068675974877
            ],
            [
              145.92725032945796,
              -17.600643012465728
            ]
          ]
        ]
      }
    },
    {
      "type": "Feature",
      "properties": {
        "fid": 44,
        "paddock_id": "Sheps",
        "true_area_ha": 37.943,
        "feature_type": "infrastructure"
      },
      "geometry": {
        "type": "Polygon",
        "coordinates": [
          [
            [
              145.92498998191388,
              -17.600209453999007
            ],
            [
              145.92347536355436,
              -17.600101207690262
            ],
            [
              145.9231076047338,
              -17.59926517120777
            ],
            [
              145.92345045616986,
              -17.598313859893747
            ],
            [
              145.92448031628004,
              -17.598234363289766
            ],
            [
              145.92631323891422,
              -17.597410299270074
            ],
            [
              145.9268570192324,
              -17.595489870537886
            ],
            [
              145.92642779087282,
              -17.59454286866031
            ],
            [
              145.92686326909438,
              -17.592928230238844
            ],
            [
              145.9289227259492,
              -17.59280323358678
            ],
            [
              145.92890868476658,
              -17.595186111630547
            ],
            [
              145.9297816072682,
              -17.59462914476999
            ],
            [
              145.93074979308872,
              -17.595979053283667
            ],
            [
              145.93116088459092,
              -17.595487665198558
            ],
            [
              145.9319753597339,
              -17.595815470114793
            ],
            [
              145.9322049750213,
              -17.596003943275903
            ],
            [
              145.93254803597932,
              -17.595763245933448
            ],
            [
              145.93275977955923,
              -17.59597289832545
            ],
            [
              145.93229136195993,
              -17.596404406225925
            ],
            [
              145.93112938386662,
              -17.596317273823995
            ],
            [
              145.93060478488303,
              -17.596493156993642
            ],
            [
              145.93010270057817,
              -17.598120209472068
            ],
            [
              145.92970308019025,
              -17.598169108409227
            ],
            [
              145.92917566626548,
              -17.598821562823318
            ],
            [
              145.9290309267997,
              -17.599288858359007
            ],
            [
              145.92916182747743,
              -17.599664031943963
            ],
            [
              145.92906902624273,
              -17.600352883137568
            ],
            [
              145.92846936601958,
              -17.60084005165871
            ],
            [
              145.92725032945796,
              -17.600643012465728
            ],
            [
              145.92498998191388,
              -17.600209453999007
            ]
          ]
        ]
      }
    }
  ]
}